Team_name,Team_GP,Team_PTS,Team_FGM,Team_FGA,Team_ThreePM,Team_ThreePA,Team_FTM,Team_FTA,Team_OR,Team_DR,Team_REB,Team_AST,Team_STL,Team_BLK,Team_TO,Team_PF,Team_FG_percent,Team_ThreeP_percent,Team_FT_percent
1104,37,90.1,30.7,64.5,11.2,29.9,17.6,22.8,12.8,26.9,39.6,15.9,6.9,4.4,11.8,19.9,47.6,37.3,77.2
1246,33,89.0,32.0,64.6,9.9,24.2,15.2,19.7,10.1,27.6,37.6,17.5,7.5,6.3,10.7,17.5,49.5,40.9,77.2
1112,36,87.1,31.2,64.5,7.9,21.6,16.8,23.4,13.1,29.5,42.6,18.5,8.3,3.7,11.9,16.4,48.4,36.6,71.7
1460,32,86.5,32.3,60.9,6.8,17.8,15.1,19.9,9.0,25.6,34.6,16.5,6.3,2.8,11.8,15.6,53.0,38.3,75.7
1359,35,86.1,30.1,61.5,10.0,25.4,15.8,21.9,10.6,25.2,35.8,17.7,9.9,3.7,13.0,19.1,49.0,39.5,72.3
1196,36,85.6,29.9,65.3,7.8,22.6,17.9,25.1,14.6,27.6,42.3,15.2,6.7,5.3,11.7,18.5,45.8,34.5,71.5
1232,39,84.8,29.3,57.9,10.9,28.7,15.4,19.3,7.2,28.3,35.5,17.9,6.1,1.8,11.6,16.4,50.5,38.2,79.6
1211,35,84.5,32.0,61.8,6.9,19.3,13.6,18.9,10.8,27.9,38.7,16.7,6.7,3.9,9.8,15.6,51.8,36.1,72.1
1219,36,83.9,27.8,60.1,8.3,24.4,20.1,25.8,13.1,26.6,39.7,11.9,5.1,3.3,11.1,18.1,46.2,34.1,77.8
1228,38,83.4,29.1,62.0,8.3,23.9,16.9,23.0,12.8,28.1,40.9,13.3,4.4,3.8,10.6,15.2,46.9,34.9,73.6
1241,36,83.2,29.8,62.6,8.5,23.7,15.1,21.4,11.4,27.1,38.5,16.0,9.0,3.1,10.9,17.3,47.6,36.0,70.3
1234,34,83.1,30.1,63.4,6.6,18.9,16.2,20.9,9.8,25.8,35.6,17.8,6.8,3.9,9.6,17.0,47.6,35.1,77.4
1120,35,83.1,28.9,60.6,8.0,22.7,17.4,23.2,11.2,26.6,37.8,17.8,7.4,6.1,10.7,19.4,47.6,35.2,75.0
1244,31,82.8,29.3,65.6,9.4,28.6,14.8,22.0,12.2,26.5,38.8,14.8,7.4,4.1,12.1,20.2,44.6,32.9,67.4
1345,39,82.3,28.4,58.3,8.2,20.2,17.3,24.1,12.2,28.2,40.4,18.5,5.4,3.6,11.3,13.7,48.8,40.4,72.0
1165,30,82.1,29.8,61.2,10.3,29.7,12.1,16.7,9.6,25.9,35.4,18.1,8.3,2.6,12.2,18.3,48.7,34.8,72.3
1252,32,82.1,30.0,60.8,9.3,24.4,12.8,16.7,7.6,25.6,33.3,14.5,6.1,3.4,10.0,12.9,49.3,38.0,76.7
1194,34,82.0,29.2,61.0,8.4,23.8,15.3,21.3,11.6,26.4,38.1,14.9,7.2,3.1,11.4,16.1,47.8,35.1,72.0
1314,37,81.9,28.3,62.8,8.1,22.7,17.3,22.8,12.2,28.9,41.1,14.5,5.8,4.1,10.1,16.5,45.0,35.9,75.9
1408,31,81.9,27.6,58.0,7.5,21.1,19.2,26.2,7.0,26.2,33.2,14.2,7.8,4.4,11.2,17.1,47.6,35.7,73.2
1404,32,81.5,28.4,63.9,8.7,24.3,16.1,20.8,10.2,31.1,41.2,13.0,6.2,2.8,11.4,14.2,44.4,35.8,77.1
1140,34,81.4,29.2,63.4,11.1,32.0,11.9,16.1,11.9,27.6,39.5,18.5,5.9,3.0,10.7,17.8,46.0,34.8,74.2
1163,40,81.4,29.4,59.2,8.5,23.8,14.1,18.9,11.7,27.1,38.8,18.7,6.2,5.4,9.6,16.3,49.7,35.8,74.3
1464,32,81.2,29.1,64.5,8.8,27.3,14.2,18.4,12.8,27.2,40.0,15.3,6.2,4.9,11.0,16.3,45.1,32.3,77.1
1176,34,81.0,27.8,61.9,8.6,24.9,16.7,22.9,10.1,25.2,35.3,13.1,6.2,3.9,10.0,16.9,45.0,34.8,73.0
1158,35,80.9,28.7,65.1,10.5,30.6,12.9,17.9,13.1,26.7,39.8,15.3,6.3,3.1,9.9,15.9,44.2,34.3,72.2
1186,32,80.8,27.9,55.7,8.5,23.4,16.4,21.3,8.1,25.8,33.8,17.6,6.0,3.6,13.2,18.2,50.1,36.4,77.1
1184,31,80.8,29.6,64.3,7.8,21.9,13.8,20.3,13.3,26.9,40.2,14.6,6.3,6.1,11.5,16.2,46.0,35.8,68.0
1307,35,80.7,29.5,65.2,6.5,19.9,15.2,21.3,13.0,26.7,39.7,14.4,8.7,5.0,10.0,17.7,45.2,32.7,71.3
1449,32,80.6,29.1,61.9,8.1,22.8,14.3,19.9,9.4,26.6,36.0,15.1,5.8,3.7,11.7,18.3,47.0,35.4,72.2
1272,32,80.5,28.0,61.0,8.3,23.7,16.1,22.2,12.0,25.1,37.0,13.7,8.6,4.5,13.1,17.2,46.0,35.0,72.5
1166,35,80.4,29.0,60.0,10.7,29.1,11.7,14.8,8.4,29.7,38.1,16.8,3.8,4.1,10.6,11.5,48.4,36.8,78.8
1124,35,80.4,27.6,57.2,8.6,22.1,16.5,22.6,11.4,23.7,35.1,14.7,6.7,3.1,12.0,16.5,48.3,38.9,73.2
1443,34,80.2,29.3,62.9,6.9,20.2,14.8,20.6,10.6,29.3,39.9,13.4,7.6,3.2,13.8,18.4,46.6,34.0,72.0
1236,36,80.2,29.0,62.0,9.4,26.2,12.8,18.2,8.4,24.1,32.5,13.6,9.2,3.1,10.4,17.0,46.8,36.1,70.3
1115,31,80.1,26.2,58.7,10.9,29.0,16.8,22.0,8.4,26.2,34.5,15.1,5.9,2.2,13.2,18.3,44.6,37.5,76.2
1150,33,80.1,28.1,63.5,8.9,26.2,14.9,21.0,11.2,25.7,36.9,13.2,7.0,2.8,11.4,17.4,44.3,34.0,71.0
1262,32,80.0,28.5,60.1,5.8,17.7,17.2,23.3,11.5,29.3,40.8,12.7,6.9,4.9,13.3,15.1,47.5,32.9,73.6
1405,32,80.0,28.8,60.2,6.5,17.2,16.0,21.3,10.0,23.9,33.9,13.4,7.3,2.0,10.7,15.6,47.8,37.6,75.4
1270,34,80.0,28.6,58.7,7.6,19.7,15.2,21.9,11.2,24.8,36.0,14.9,10.3,3.4,9.6,17.3,48.7,38.3,69.3
1179,35,79.9,28.3,59.4,8.6,23.4,14.7,19.5,8.0,26.3,34.3,16.0,6.5,1.6,9.5,16.3,47.7,36.6,75.3
1429,35,79.7,28.5,58.2,6.5,19.4,16.1,22.4,9.5,26.3,35.8,16.3,6.8,4.2,11.0,17.0,49.1,33.3,72.0
1407,32,79.6,26.8,60.9,8.6,24.6,17.3,23.5,13.3,25.1,38.4,13.7,10.3,3.3,13.8,19.1,44.1,35.1,73.3
1454,35,79.5,28.0,62.8,7.9,24.6,15.6,21.4,13.5,25.5,39.0,14.2,5.9,4.4,12.5,18.1,44.6,32.2,72.7
1202,33,79.5,27.6,62.2,9.7,29.9,14.6,20.0,11.2,26.5,37.8,16.2,7.1,2.9,11.8,16.0,44.4,32.4,72.8
1423,31,79.4,27.8,60.4,8.3,23.9,15.4,20.3,10.6,23.7,34.4,12.2,6.5,2.4,8.6,17.0,46.1,34.8,76.0
1160,37,79.3,28.4,57.3,6.9,17.5,15.8,20.1,9.9,27.0,36.9,16.2,6.0,2.2,12.6,14.9,49.5,39.1,78.4
1294,33,79.3,29.4,60.5,7.7,22.1,12.9,17.7,8.1,26.8,34.8,14.6,6.3,2.4,11.2,16.6,48.5,34.8,72.9
1213,35,79.1,26.4,57.4,7.0,20.8,19.3,25.8,11.8,26.4,38.1,12.1,8.3,5.5,12.3,17.9,46.0,33.6,74.9
1395,34,79.0,28.4,61.4,6.6,18.6,15.7,21.5,12.7,24.4,37.1,16.9,9.0,3.8,12.9,17.5,46.1,35.4,73.1
1211,37,86.1,32.1,61.7,7.5,19.9,14.4,20.8,10.4,26.8,37.2,16.2,7.2,3.4,10.7,16.6,52.1,37.9,69.3
1405,35,85.4,30.2,61.1,8.6,21.8,16.4,21.3,10.1,24.0,34.1,14.9,6.8,2.9,9.6,16.1,49.4,39.5,77.0
1331,35,83.3,30.2,63.7,10.7,29.3,12.1,15.7,8.9,27.9,36.8,14.7,6.8,5.4,9.4,12.9,47.4,36.5,77.4
1381,37,82.8,28.8,61.8,8.5,24.0,16.8,23.2,10.7,27.9,38.6,13.1,7.2,3.4,13.3,18.4,46.5,35.3,72.5
1464,34,81.9,29.9,61.4,8.0,21.9,14.1,18.1,10.3,24.9,35.2,15.3,7.0,2.8,11.0,16.2,48.7,36.5,77.9
1112,35,81.9,29.2,59.2,8.4,22.3,15.0,21.2,10.2,29.1,39.3,18.9,6.1,3.1,13.4,16.9,49.4,37.8,70.8
1104,37,81.8,27.6,62.5,9.9,29.5,16.6,22.9,13.1,31.6,44.6,15.0,6.1,5.1,13.8,18.8,44.2,33.5,72.5
1267,32,81.8,30.8,66.3,8.3,24.4,11.9,17.1,12.3,26.6,38.9,17.5,9.0,5.3,11.6,16.5,46.5,33.8,69.3
1165,28,81.7,29.1,62.1,10.7,30.4,12.7,17.5,10.4,24.0,34.4,17.5,9.7,2.3,12.4,16.6,47.0,35.3,72.4
1462,37,80.9,30.0,61.0,7.4,19.0,13.6,19.1,10.3,27.5,37.7,19.1,6.4,3.2,12.4,16.1,49.2,39.0,71.0
1202,36,80.9,28.2,59.1,9.4,27.4,15.0,20.2,9.8,25.3,35.1,16.7,6.6,3.2,11.0,16.8,47.7,34.4,74.1
1307,34,80.9,28.9,60.1,5.6,16.0,17.4,23.5,9.8,27.3,37.1,13.7,6.7,3.9,11.2,16.9,48.1,35.2,73.9
1412,39,80.7,28.5,63.1,7.1,19.9,16.6,22.5,13.5,27.4,40.9,14.1,8.1,4.3,12.5,17.0,45.2,35.5,74.1
1241,33,80.5,28.3,61.2,8.0,22.8,16.0,22.7,11.9,26.2,38.1,13.5,9.0,2.6,13.2,17.7,46.2,35.0,70.7
1404,33,80.5,28.6,62.4,7.7,23.4,15.5,21.5,10.5,28.7,39.2,13.6,7.5,3.5,11.9,18.3,45.9,33.1,72.2
1158,35,80.1,27.4,62.9,9.9,30.0,15.4,20.7,13.5,26.8,40.3,13.7,7.4,3.1,11.9,16.9,43.6,33.1,74.4
1394,35,80.1,27.7,61.5,7.7,21.0,16.9,21.4,12.1,25.2,37.3,15.3,8.5,1.7,12.8,19.0,45.1,36.4,79.2
1234,33,80.1,28.5,62.9,8.0,23.6,15.0,20.3,12.1,24.5,36.6,16.4,6.5,3.4,9.8,14.9,45.3,34.0,73.8
1408,31,79.9,27.8,60.4,7.8,23.0,16.6,21.4,6.8,26.6,33.5,15.6,8.5,4.2,11.3,16.5,46.0,33.8,77.7
1460,33,79.9,31.2,62.9,6.2,17.4,11.2,15.2,9.2,27.5,36.7,15.0,6.3,3.0,12.7,15.6,49.6,35.7,73.7
1272,35,79.4,28.7,59.9,6.1,17.4,15.9,21.2,10.4,25.5,35.9,15.6,8.6,4.5,13.3,18.2,47.9,35.3,74.7
1136,30,79.4,28.3,60.7,8.1,23.8,14.7,20.1,10.6,28.7,39.3,13.4,6.7,3.5,13.4,17.4,46.6,34.0,73.4
1266,36,79.3,29.3,60.4,8.9,25.3,11.7,16.3,8.8,23.0,31.8,17.3,9.2,3.0,10.7,16.2,48.6,35.3,71.8
1232,36,79.3,28.0,58.0,9.4,26.6,13.9,18.0,6.9,27.6,34.5,15.8,6.5,1.9,12.1,16.3,48.3,35.5,77.1
1274,37,79.1,28.6,59.6,7.5,20.4,14.4,18.3,10.4,24.4,34.7,14.5,7.3,3.1,11.1,14.2,48.0,36.8,78.4
1281,35,78.9,28.2,59.8,9.3,25.8,13.2,17.4,8.9,21.4,30.2,16.0,10.2,2.7,11.1,18.0,47.2,36.0,75.8
1325,33,78.8,28.6,62.5,8.9,24.0,12.6,17.3,12.1,25.5,37.5,12.5,6.7,2.2,11.2,17.8,45.8,37.3,73.0
1359,32,78.7,26.0,57.3,9.1,25.7,17.7,23.6,10.0,25.6,35.5,11.7,8.1,2.6,12.7,18.7,45.4,35.3,74.7
1410,32,78.7,27.1,57.9,6.9,20.5,17.5,25.1,10.8,27.1,37.8,15.8,4.7,3.3,16.1,20.1,46.9,33.9,69.8
1184,37,78.6,29.7,67.2,8.6,25.1,10.7,16.2,13.6,26.4,40.0,14.9,8.0,4.8,12.0,15.8,44.1,34.3,65.9
1163,39,78.6,27.7,59.8,9.1,24.9,14.0,18.4,13.0,26.3,39.3,17.5,6.3,4.9,12.9,17.8,46.4,36.3,76.1
1454,34,78.2,27.8,60.6,7.9,22.8,14.8,20.0,11.9,27.2,39.1,13.9,6.9,5.5,15.1,17.9,45.8,34.5,74.0
1429,35,78.2,27.1,56.4,9.3,24.0,14.8,19.4,8.6,26.9,35.5,16.7,5.0,3.3,12.2,16.9,47.9,38.7,76.3
1398,32,78.1,27.1,60.5,8.8,25.1,15.1,21.7,10.5,25.9,36.4,13.3,5.8,3.3,12.6,20.5,44.9,35.0,69.5
1159,35,78.1,29.8,58.2,8.2,20.3,10.4,15.7,8.0,25.7,33.7,18.2,7.1,2.9,10.2,12.5,51.1,40.3,66.1
1262,34,78.0,28.4,58.7,6.9,18.2,14.3,19.5,11.9,26.7,38.6,14.3,7.0,4.8,13.7,16.8,48.4,38.1,73.6
1400,38,78.0,28.5,60.2,7.2,20.8,13.8,18.4,9.6,24.4,34.1,16.2,7.9,3.6,11.6,17.4,47.3,34.7,74.8
1337,31,78.0,29.0,62.3,8.2,22.5,11.9,16.7,9.2,26.5,35.8,15.1,5.4,3.8,14.1,17.7,46.5,36.2,71.0
1369,35,77.9,26.8,61.1,7.9,24.3,16.3,23.1,9.6,25.2,34.8,13.9,7.1,3.1,13.1,21.5,43.9,32.5,70.8
1194,39,77.8,27.8,59.6,9.6,26.3,12.6,17.5,10.9,28.1,38.9,14.4,6.5,2.6,11.8,15.7,46.6,36.6,71.9
1339,33,77.8,25.3,55.7,9.6,25.6,17.5,23.5,8.1,24.6,32.7,14.8,5.0,2.3,12.7,17.6,45.5,37.5,74.5
1301,34,77.7,28.9,64.1,8.3,23.8,11.7,16.2,11.3,25.3,36.6,12.8,7.8,4.5,9.4,17.5,45.0,34.7,72.2
1150,33,77.7,26.6,59.9,9.2,26.5,15.2,21.2,11.2,26.0,37.2,13.8,6.2,2.2,12.5,16.1,44.4,34.9,72.1
1368,32,77.6,27.8,60.7,7.8,21.0,14.3,19.3,10.3,24.3,34.6,14.2,7.3,1.8,12.2,17.4,45.8,36.9,74.2
1223,32,77.6,26.6,58.2,8.3,22.7,16.1,22.4,10.3,24.0,34.3,14.8,5.8,2.8,15.3,18.1,45.7,36.5,71.8
1138,32,77.5,28.3,62.5,7.0,21.8,13.9,19.8,11.8,26.0,37.8,14.7,7.9,3.2,14.1,18.8,45.3,32.2,70.4
1192,37,77.4,28.2,62.5,8.2,23.7,12.7,16.9,11.5,22.8,34.3,14.7,8.0,2.0,11.5,18.8,45.2,34.5,75.2
1430,37,77.4,27.6,59.5,6.5,19.7,15.6,21.1,10.2,30.1,40.3,16.1,6.5,6.5,13.8,17.5,46.5,33.2,74.0
1418,34,77.4,27.9,58.0,7.0,18.7,14.4,21.2,11.1,25.4,36.5,14.4,7.2,3.0,12.2,17.0,48.2,37.6,68.2
1344,33,77.3,27.3,59.8,6.6,19.1,16.1,21.7,12.1,26.0,38.1,14.6,6.8,4.5,11.7,15.0,45.6,34.6,74.2
1211,32,87.2,32.7,62.6,8.2,22.1,13.7,19.2,9.7,32.2,41.9,18.1,6.4,5.8,11.6,15.6,52.1,37.0,71.3
,,,,,,,,,,,,,,,,,,,
1112,37,84.0,30.2,61.3,7.8,22.0,15.8,21.4,11.6,29.8,41.4,19.6,6.7,5.7,13.4,16.7,49.2,35.2,73.9
1331,31,83.3,30.2,66.2,11.6,30.6,11.2,15.4,11.0,29.2,40.2,11.7,5.5,4.2,9.9,15.4,45.7,38.0,73.0
1234,36,83.2,29.8,64.5,9.2,25.3,14.5,19.4,11.9,25.4,37.3,16.0,7.3,4.3,9.2,16.3,46.1,36.3,74.9
1412,35,80.3,29.6,63.2,7.9,21.0,13.3,18.0,12.1,26.1,38.2,12.9,9.5,4.2,11.5,16.5,46.8,37.6,73.9
1132,31,80.3,28.4,65.3,8.2,24.2,15.2,20.5,12.2,26.6,38.8,12.6,7.3,3.4,12.3,17.7,43.5,34.0,73.9
1181,39,80.1,29.7,60.4,7.9,21.6,12.8,17.3,10.5,27.4,37.9,16.5,6.4,5.6,10.3,13.7,49.1,36.6,73.8
1138,30,79.9,29.7,65.2,8.5,24.9,12.0,17.0,14.2,28.3,42.4,15.0,7.1,4.6,13.2,17.1,45.5,34.2,70.9
1405,34,79.9,29.9,62.4,6.9,19.5,13.2,17.5,10.7,29.2,39.9,15.3,5.5,2.8,10.2,15.1,47.9,35.4,75.4
1343,30,79.8,30.3,62.2,10.9,28.2,8.3,12.9,8.9,26.6,35.5,15.5,6.2,1.8,10.2,14.0,48.8,38.7,63.9
1385,32,79.6,30.3,66.8,7.3,21.6,11.8,17.4,12.0,25.9,37.8,18.8,8.8,5.5,11.9,17.9,45.3,33.5,67.7
1104,33,79.5,27.6,62.8,9.2,29.9,15.0,20.6,13.4,26.2,39.6,14.7,7.1,4.7,14.5,18.5,43.9,30.9,72.8
1246,34,79.4,30.3,62.8,6.1,17.5,12.8,17.6,12.9,27.2,40.1,16.2,6.8,4.2,11.6,14.3,48.3,34.7,72.6
1345,37,79.4,27.7,56.6,8.5,22.2,15.4,21.6,11.1,27.5,38.7,16.2,4.6,3.5,11.8,14.5,49.0,38.4,71.1
1184,31,79.3,28.6,68.5,11.7,33.2,10.3,14.6,12.6,23.6,36.2,15.6,10.2,3.6,11.6,16.6,41.7,35.3,70.6
1165,26,79.2,28.3,60.6,9.7,27.7,13.0,18.4,9.9,28.0,37.9,17.3,7.9,2.9,14.2,18.7,46.7,34.8,70.7
1293,34,79.1,28.8,60.5,8.0,22.8,13.6,19.6,12.5,26.6,39.1,14.7,7.8,3.2,11.4,15.4,47.6,35.1,69.2
1440,32,79.0,27.4,59.6,12.5,32.8,11.8,14.9,8.3,28.1,36.4,16.0,4.8,2.7,11.6,14.9,45.9,38.1,79.2
1368,34,78.8,26.8,58.3,8.9,24.9,16.3,21.5,9.2,23.7,32.9,15.3,7.9,3.9,14.3,16.0,46.0,35.7,75.8
1448,35,78.5,27.9,57.9,8.5,24.6,14.2,19.5,8.7,28.1,36.8,15.1,6.5,3.9,13.9,16.0,48.3,34.4,73.0
1311,33,78.5,30.8,65.8,8.2,24.9,8.6,13.8,11.8,26.5,38.3,13.6,8.3,3.9,12.3,18.3,46.9,32.7,62.5
1125,33,78.3,29.0,59.4,8.5,25.8,11.7,15.8,7.8,25.6,33.5,18.0,9.1,3.9,11.8,13.7,48.8,33.2,74.3
1120,34,78.2,27.7,63.7,8.1,25.4,14.7,20.1,12.8,27.6,40.4,14.7,8.4,8.0,12.1,18.5,43.5,31.8,73.1
1242,40,78.2,28.6,59.8,7.2,19.8,13.9,19.4,11.0,26.9,37.9,15.3,6.3,4.3,12.1,16.0,47.8,36.1,71.7
1158,32,78.2,28.0,63.7,8.1,23.9,14.1,19.3,13.8,26.6,40.3,13.2,8.0,2.8,15.6,20.6,43.9,33.9,73.0
1270,33,78.2,28.3,62.8,6.5,20.6,15.2,23.0,13.9,26.6,40.5,12.7,7.8,3.5,16.2,20.1,45.1,31.3,65.9
1136,32,78.0,27.5,62.9,8.3,27.1,14.8,20.3,12.6,28.7,41.3,13.9,6.5,4.5,13.9,17.0,43.7,30.4,73.2
1294,38,77.9,27.6,58.1,10.2,26.8,12.5,17.6,7.7,26.6,34.3,12.3,4.0,2.9,12.4,17.2,47.5,38.1,70.9
1220,32,77.9,29.0,62.6,9.5,28.0,10.4,13.1,8.2,25.0,33.2,15.5,8.0,2.7,10.3,14.9,46.3,34.0,79.7
1442,32,77.9,27.8,64.0,8.7,26.2,13.7,19.3,11.3,26.5,37.9,11.4,6.2,2.5,11.4,17.4,43.4,33.1,70.8
1314,39,77.9,27.6,61.8,8.4,23.5,14.3,18.7,11.5,29.8,41.2,14.9,5.2,3.9,11.7,14.5,44.7,35.8,76.4
1381,35,77.7,27.5,59.7,8.3,24.3,14.4,20.2,10.1,27.5,37.6,12.1,6.1,2.5,12.7,17.1,46.1,34.3,71.4
1195,34,77.7,27.8,61.2,10.2,29.2,11.9,17.7,11.2,27.6,38.8,15.7,6.7,4.8,13.5,14.8,45.4,35.0,67.6
1202,34,77.6,27.8,59.9,11.8,31.0,10.3,13.6,9.3,23.8,33.1,17.4,8.3,3.5,10.5,14.6,46.4,38.0,75.7
1393,33,77.4,27.7,61.5,9.1,24.1,12.8,17.4,10.6,25.7,36.3,14.6,7.0,3.8,10.7,14.2,45.1,37.7,73.7
1362,34,77.4,27.8,60.7,9.6,27.5,12.2,17.6,10.8,27.1,37.9,13.0,7.7,4.6,12.8,18.1,45.7,35.0,69.4
1283,34,77.3,28.1,58.2,8.3,22.2,12.9,16.1,8.3,27.0,35.3,12.1,5.3,3.3,10.6,15.4,48.2,37.4,79.7
1365,33,77.3,28.8,59.4,7.2,19.1,12.5,16.4,7.6,27.9,35.5,15.1,6.0,3.8,11.5,15.0,48.4,37.8,76.2
1309,32,77.2,27.8,59.7,4.1,13.4,17.4,23.8,9.5,27.1,36.6,13.0,7.9,2.8,14.3,18.8,46.6,30.8,73.1
1124,34,77.0,28.3,61.3,8.1,23.5,12.4,17.8,12.9,24.3,37.2,15.9,8.8,3.4,12.4,16.1,46.2,34.3,69.7
1186,34,76.9,26.6,58.7,8.9,25.1,14.7,19.5,9.1,27.6,36.7,15.7,5.5,2.7,13.3,18.6,45.4,35.2,75.3
1154,31,76.8,27.0,60.8,10.7,30.3,12.0,17.9,9.4,27.9,37.3,16.1,4.7,3.6,12.2,15.4,44.5,35.4,67.2
1101,36,76.7,26.3,59.9,6.9,21.5,17.3,22.9,10.5,21.6,32.1,14.9,10.9,1.9,12.6,22.3,43.8,32.0,75.4
1394,35,76.6,26.9,60.9,6.4,19.0,16.3,22.2,12.8,25.5,38.3,15.1,8.5,1.8,14.1,20.3,44.3,33.6,73.7
1286,35,76.5,26.4,55.8,7.7,20.8,16.1,21.4,8.7,26.4,35.1,13.2,5.2,3.7,12.9,18.3,47.3,36.8,75.4
1224,29,76.4,26.2,59.6,8.4,23.6,15.6,20.9,10.3,24.1,34.4,14.4,8.4,3.6,14.8,18.1,43.9,35.9,74.5
1387,35,76.2,27.4,59.7,6.7,18.3,14.7,19.3,11.9,26.7,38.6,14.8,6.4,3.1,12.9,17.9,45.8,36.9,76.3
1451,33,76.2,26.6,56.0,7.2,21.1,15.8,21.1,6.6,25.5,32.1,10.6,7.7,2.5,11.6,15.4,47.5,33.9,74.9
1116,37,75.9,26.3,60.6,6.3,20.7,17.1,22.5,10.8,27.0,37.8,13.8,7.6,4.1,12.2,16.9,43.4,30.4,76.0
1211,32,91.0,33.7,61.4,7.5,20.4,16.0,21.9,9.3,27.8,37.2,18.8,7.9,2.8,12.0,16.3,54.9,36.8,73.1
1159,16,85.2,30.9,62.8,9.3,22.9,14.1,19.4,9.8,30.1,39.9,17.6,7.1,3.4,10.8,16.2,49.3,40.3,72.3
1381,24,84.2,29.1,61.5,8.8,25.8,17.2,23.0,11.0,28.4,39.4,14.1,7.0,2.6,12.1,16.9,47.4,34.1,74.8
1136,22,83.8,29.0,62.4,9.5,24.8,16.3,21.5,10.3,29.5,39.8,15.3,6.9,3.5,15.1,16.6,46.5,38.1,76.1
1234,31,83.7,29.8,63.3,9.7,25.2,14.5,20.2,11.3,28.5,39.7,19.2,5.6,4.5,9.5,15.0,47.1,38.6,71.5
1124,30,82.9,30.6,62.9,10.0,24.1,11.8,16.7,12.8,23.2,36.0,16.9,8.9,3.7,11.5,17.1,48.6,41.3,70.8
1460,24,82.0,29.6,61.3,7.5,20.2,15.3,21.2,11.9,30.4,42.3,15.4,5.9,3.6,13.1,13.7,48.3,37.0,72.4
1184,29,81.8,30.0,67.1,9.6,26.8,12.1,17.1,10.6,25.0,35.6,15.9,10.3,3.6,12.8,18.4,44.8,35.9,70.6
1261,29,81.8,28.8,62.9,8.1,23.2,16.0,21.4,11.5,26.9,38.4,12.1,7.8,2.9,11.3,17.4,45.9,34.7,75.0
1451,22,81.5,28.7,56.6,8.3,21.5,15.8,20.3,6.2,26.3,32.5,15.0,6.6,3.1,12.3,16.4,50.6,38.8,78.0
1116,32,81.4,29.2,64.7,7.3,21.9,15.7,21.2,11.9,27.8,39.7,14.6,7.8,4.9,12.9,16.9,45.1,33.2,74.0
1138,25,81.4,30.6,66.5,7.0,20.7,13.1,19.5,14.8,29.0,43.8,15.9,8.0,4.1,13.9,17.7,46.1,33.8,67.1
1125,30,81.3,29.8,61.0,9.0,26.2,12.7,17.2,8.8,26.9,35.7,18.2,7.7,2.9,12.0,14.6,48.9,34.4,73.8
1331,29,81.1,28.0,62.2,11.1,29.3,14.0,17.1,8.3,26.4,34.7,12.8,6.6,3.8,11.4,17.3,44.9,38.0,82.1
1405,30,81.1,28.4,62.3,10.5,28.1,13.8,17.7,10.8,26.9,37.6,15.9,6.1,2.5,11.1,15.3,45.6,37.2,78.0
1154,25,80.8,28.3,62.6,10.2,28.8,13.9,19.8,9.5,28.3,37.8,15.6,5.4,4.3,12.1,16.2,45.2,35.6,70.1
1228,31,80.5,29.3,58.7,6.5,17.5,15.4,22.3,10.5,29.5,40.0,16.3,5.7,2.8,13.0,17.7,50.0,37.3,69.0
,,,,,,,,,,,,,,,,,,,
1209,22,80.3,29.5,63.0,8.1,22.6,13.2,19.3,11.4,26.2,37.5,16.8,7.1,4.4,11.6,16.6,46.8,35.8,68.5
1270,24,80.3,29.9,60.7,8.5,21.9,12.0,17.4,10.6,26.7,37.3,18.5,7.2,2.0,15.0,17.1,49.3,38.8,68.8
1372,21,80.3,29.6,56.9,4.8,14.1,16.3,24.0,11.6,24.1,35.7,15.8,9.5,3.5,16.6,20.0,52.1,33.7,68.0
1440,25,80.0,28.2,60.7,10.8,28.4,12.8,16.5,8.3,30.2,38.5,15.7,5.4,3.0,12.6,14.6,46.5,38.0,77.2
1267,22,79.9,29.8,62.8,9.3,25.8,11.0,15.2,8.3,27.0,35.4,15.9,7.8,5.2,12.0,15.1,47.5,36.0,72.5
1288,22,79.8,27.4,63.1,8.3,24.1,16.8,22.7,13.5,26.2,39.7,14.8,7.9,3.7,15.6,20.7,43.3,34.3,73.9
1104,33,79.7,28.0,64.4,10.5,30.0,13.1,18.5,12.6,28.1,40.7,14.1,8.5,4.3,13.9,18.3,43.5,35.2,70.8
1358,28,79.6,28.5,62.8,9.1,25.5,13.6,19.6,11.4,25.5,36.9,15.5,8.5,3.1,14.4,20.2,45.3,35.7,69.2
1202,25,79.6,29.2,60.0,9.7,28.3,11.5,15.9,8.9,26.2,35.2,16.6,8.2,3.4,12.5,17.1,48.7,34.2,72.4
1157,26,79.5,28.2,61.7,8.5,23.8,14.7,20.5,13.5,29.9,43.5,15.5,8.2,4.0,15.2,16.7,45.6,35.8,71.7
1325,25,79.2,29.1,60.8,8.4,23.7,12.6,17.9,9.9,25.4,35.3,17.4,6.5,2.1,12.0,15.9,47.9,35.2,70.3
1465,23,79.1,27.6,58.0,9.3,23.8,14.7,19.9,9.7,27.4,37.1,17.5,5.0,2.5,13.5,19.8,47.5,39.3,73.7
1385,27,79.0,28.9,64.6,7.4,21.5,13.9,18.5,11.2,24.8,36.0,16.3,9.1,3.9,12.6,18.3,44.7,34.5,74.9
1457,25,78.9,27.8,60.8,8.4,23.9,14.9,21.6,13.0,27.2,40.1,15.0,7.4,2.3,14.0,18.4,45.7,35.2,68.8
1427,26,78.8,29.5,66.0,8.0,24.0,11.7,15.4,11.6,26.9,38.5,14.7,6.2,3.2,11.6,18.3,44.7,33.4,76.1
1311,25,78.4,29.4,64.4,7.8,24.2,11.9,17.8,10.9,27.2,38.1,13.4,9.1,3.3,13.0,18.5,45.6,32.1,66.8
1186,24,78.3,27.8,59.4,8.5,23.9,14.2,18.0,7.6,27.8,35.3,15.2,4.8,2.9,11.5,17.0,46.8,35.5,79.1
1103,23,78.2,27.3,61.5,9.4,28.3,14.1,18.7,11.4,27.5,38.9,13.3,4.9,3.7,11.8,18.0,44.4,33.3,75.8
1140,27,78.1,28.7,59.6,8.7,23.4,11.9,16.4,9.5,29.7,39.2,16.1,4.6,2.8,13.2,18.0,48.3,37.3,72.5
1241,20,78.1,27.2,60.1,8.3,24.3,15.5,23.2,11.0,26.4,37.4,13.8,7.5,2.1,12.2,18.8,45.2,34.2,66.8
1194,23,78.1,28.3,61.3,9.7,25.5,11.7,17.7,12.5,27.9,40.4,14.6,7.6,2.7,13.8,18.0,46.3,38.0,66.1
1383,19,77.7,28.5,63.9,6.2,18.7,14.4,19.6,11.4,24.8,36.2,14.3,8.1,3.5,12.1,20.3,44.6,33.1,73.5
1248,15,77.7,27.0,61.9,8.6,23.9,15.1,18.7,8.9,26.1,35.0,16.2,6.3,3.4,10.9,18.7,43.6,36.0,80.4
1132,26,77.5,27.8,66.6,8.2,25.7,13.6,18.5,12.6,25.8,38.5,12.6,7.1,2.2,9.8,17.0,41.8,31.9,73.6
1208,26,77.5,28.2,61.7,6.3,19.6,14.7,21.3,12.2,25.0,37.2,15.0,8.5,2.5,16.7,18.6,45.8,32.4,68.9
1452,29,77.3,26.5,61.8,7.4,20.4,16.9,23.4,13.6,24.2,37.8,14.0,7.6,2.8,12.0,16.3,42.9,36.4,71.9
1120,27,77.2,26.3,60.3,9.1,27.8,15.4,21.8,12.9,26.4,39.4,14.8,6.2,6.0,16.2,17.9,43.7,32.6,70.8
1326,31,77.2,26.4,57.6,8.1,22.6,16.2,21.4,9.8,26.8,36.6,13.1,4.5,3.5,10.6,18.5,45.9,36.0,75.6
1199,25,77.2,27.7,58.4,7.7,20.4,14.0,19.0,11.1,25.6,36.7,14.5,7.3,5.1,14.4,18.4,47.4,37.6,74.1
1168,16,77.0,26.9,59.4,8.2,21.3,15.1,20.4,8.8,24.1,32.9,13.6,6.7,2.0,12.8,16.9,45.2,38.4,73.9
1337,27,76.9,27.6,59.5,6.9,21.2,14.9,18.9,8.2,26.9,35.1,16.3,6.5,3.2,13.1,19.0,46.3,32.6,78.5
1359,19,76.8,28.5,64.1,7.9,25.5,11.9,17.4,11.7,28.1,39.7,14.9,6.8,2.5,16.3,20.9,44.4,31.2,68.6
1211,33,87.4,31.8,61.7,7.5,19.3,16.5,23.9,11.4,28.8,40.1,16.7,7.4,3.8,11.2,14.7,51.5,38.6,68.8
1181,31,82.5,29.7,63.1,7.0,19.9,16.2,22.5,12.7,27.4,40.1,15.5,8.3,6.1,13.2,18.0,47.0,35.2,72.0
1104,31,82.0,27.5,63.1,10.8,30.9,16.1,23.3,11.7,27.6,39.4,14.2,6.3,4.4,14.9,20.1,43.7,34.9,69.3
1453,33,81.6,29.3,63.9,7.6,20.7,15.3,20.3,9.8,26.5,36.4,16.2,6.9,3.1,12.5,19.2,45.9,36.9,75.6
1457,34,81.3,28.8,62.4,9.5,27.4,14.2,22.4,13.2,27.6,40.8,15.9,6.6,2.5,13.9,20.1,46.2,34.6,63.6
1186,31,80.9,29.5,64.1,9.3,26.6,12.7,18.4,10.6,27.7,38.3,17.5,7.1,3.6,12.8,18.6,46.0,34.9,69.4
1460,31,80.9,28.8,63.0,7.8,21.5,15.5,22.9,12.3,27.7,40.0,14.1,6.6,3.6,12.5,16.1,45.7,36.4,67.7
1372,31,80.6,28.6,58.3,5.8,15.9,17.6,25.5,13.1,24.3,37.4,15.0,10.5,3.3,17.7,20.9,49.1,36.2,69.1
1261,31,80.5,28.6,60.6,6.8,20.8,16.5,21.5,12.1,27.6,39.7,12.8,6.3,3.9,12.6,16.0,47.1,32.7,76.9
1331,31,80.2,29.0,64.6,8.2,24.5,14.1,18.8,11.7,26.2,38.0,13.2,6.4,2.5,10.4,16.8,44.8,33.4,74.9
1223,29,80.1,27.5,62.1,7.4,20.5,17.6,23.6,12.2,23.9,36.1,12.8,5.7,2.2,16.8,20.3,44.3,36.4,74.7
1173,31,80.0,29.2,55.6,8.0,21.7,13.6,18.9,7.8,27.2,35.0,17.6,5.7,3.5,12.4,17.1,52.5,37.1,72.0
1140,32,79.6,29.7,59.3,10.4,24.5,9.9,14.2,6.5,26.6,33.2,17.4,5.8,2.1,11.0,16.1,50.0,42.3,70.0
1125,33,79.6,29.9,62.8,9.7,27.5,10.2,14.2,8.8,28.5,37.3,18.3,7.5,3.2,11.9,15.1,47.5,35.2,71.3
1377,32,79.6,27.8,56.4,7.3,18.6,16.8,22.2,6.3,26.4,32.7,13.9,4.6,2.7,10.6,17.6,49.2,39.1,75.5
1465,31,79.5,26.6,60.3,9.9,26.0,16.4,20.8,11.6,29.4,41.0,14.4,4.2,3.5,12.8,18.4,44.2,38.0,78.6
1270,32,79.4,28.5,57.3,8.4,21.1,14.0,19.4,10.0,26.0,36.0,16.3,6.6,3.9,15.9,16.7,49.7,39.9,72.4
1441,31,78.8,27.0,57.7,9.7,26.4,15.1,21.3,9.7,27.8,37.6,14.6,5.3,1.8,14.4,17.2,46.8,36.9,71.0
1340,32,78.7,29.0,64.7,6.5,19.6,14.3,19.8,14.1,22.5,36.6,13.5,8.7,4.1,12.8,18.3,44.8,33.2,71.9
1138,32,78.6,29.0,66.8,8.2,25.3,12.5,18.7,14.5,27.5,42.0,14.8,7.8,4.6,13.7,18.8,43.3,32.3,67.1
1166,31,78.3,27.9,59.3,9.7,25.3,12.7,17.2,7.9,26.9,34.8,15.8,6.5,2.5,10.9,15.2,47.1,38.6,73.9
1141,32,78.3,27.4,63.7,7.7,23.8,15.8,21.3,10.9,25.1,36.0,11.6,9.1,2.5,12.7,16.3,43.0,32.4,74.6
1316,33,78.3,26.9,59.8,11.8,31.2,12.5,16.5,9.9,24.6,34.5,15.7,5.0,3.8,11.8,16.1,45.0,37.9,76.2
1209,32,78.1,27.5,62.7,8.7,24.0,14.5,19.6,11.7,25.2,36.8,14.6,7.8,4.2,14.1,21.4,43.8,36.2,74.0
1120,31,78.0,26.1,60.3,8.1,26.6,17.8,26.4,13.6,27.3,40.8,12.8,6.4,4.9,12.9,19.3,43.3,30.6,67.4
1157,33,78.0,27.7,61.5,7.3,21.8,15.2,21.2,13.4,26.9,40.3,13.5,7.5,2.8,15.7,22.1,45.1,33.7,71.6
1358,31,78.0,28.2,62.5,7.6,22.3,14.0,18.8,10.1,24.1,34.2,15.8,9.3,2.9,14.3,20.8,45.1,34.2,74.1
,,,,,,,,,,,,,,,,,,,
1266,30,77.8,25.3,58.8,10.0,26.2,17.1,23.1,10.6,29.2,39.8,13.5,5.1,4.2,13.7,19.1,43.0,38.2,74.3
1234,31,77.7,27.2,60.3,7.9,22.7,15.5,20.7,11.5,26.0,37.5,17.4,6.2,3.9,12.1,16.0,45.1,34.7,75.0
1384,32,77.7,28.1,60.1,6.4,17.7,15.1,20.1,11.1,25.0,36.2,11.7,7.0,2.7,12.2,16.7,46.7,36.0,75.0
1214,34,77.5,27.2,59.6,6.3,18.9,16.9,24.1,10.6,26.1,36.7,14.6,5.0,3.8,11.7,19.1,45.6,33.2,69.9
1305,31,77.1,27.1,60.6,10.0,26.0,12.9,17.1,8.7,29.6,38.3,14.9,5.1,3.5,12.0,19.6,44.7,38.3,75.3
1311,31,77.0,28.4,64.0,8.0,23.8,12.2,16.3,11.3,23.4,34.7,13.2,10.0,3.7,13.5,19.2,44.4,33.7,74.8
1427,32,76.9,27.1,64.9,9.6,27.5,13.2,17.3,11.0,28.0,39.0,12.4,5.9,2.7,12.9,20.2,41.7,35.0,76.3
1202,32,76.8,27.5,58.0,9.4,26.8,12.3,17.5,7.8,23.8,31.6,14.8,8.3,2.8,11.4,15.5,47.4,35.2,70.1
1198,32,76.7,28.1,61.5,8.9,25.6,11.7,17.9,10.9,24.8,35.7,14.7,8.8,6.6,15.1,17.3,45.6,34.9,65.0
1307,33,76.7,27.0,58.0,7.0,21.3,15.7,21.8,9.5,25.7,35.1,15.0,8.1,2.9,14.4,15.6,46.6,32.7,72.0
1443,30,76.6,26.0,56.8,7.1,20.9,17.6,22.3,8.4,25.4,33.8,11.1,6.7,4.0,12.3,13.8,45.7,33.8,78.9
1429,34,76.5,26.6,57.9,7.3,21.9,15.9,20.9,10.8,30.0,40.7,16.5,6.1,3.2,12.5,15.7,46.0,33.3,76.3
1112,32,76.4,26.6,59.5,7.3,20.7,16.0,21.8,10.9,26.5,37.4,15.4,6.8,3.7,11.8,18.5,44.6,35.2,73.2
1220,34,76.4,26.3,58.6,8.3,22.1,15.4,19.7,10.4,24.4,34.8,12.3,6.9,2.1,11.3,14.2,45.0,37.5,78.3
1122,33,76.3,27.0,58.9,6.8,19.5,15.5,21.7,11.8,24.2,36.0,13.2,6.6,3.0,12.8,18.3,45.9,34.6,71.6
1245,32,76.3,27.7,61.0,8.4,24.7,12.6,17.3,10.8,25.3,36.2,13.9,6.8,4.1,12.7,18.7,45.4,33.9,72.7
1463,30,76.3,27.0,57.5,8.8,23.8,13.5,19.0,9.1,29.8,38.9,15.5,6.3,3.4,13.0,15.0,46.9,37.1,71.2
1337,32,76.3,26.3,60.4,8.0,22.7,15.8,20.0,9.7,24.8,34.5,14.8,6.2,3.8,12.7,18.2,43.4,35.1,79.2
1190,34,76.3,27.0,56.9,7.6,22.1,14.6,21.0,10.9,24.6,35.5,13.9,8.2,3.6,12.1,17.6,47.5,34.6,69.4
1159,34,76.1,27.4,61.1,10.1,28.1,11.2,15.0,10.0,26.6,36.6,14.4,6.1,2.9,10.9,15.1,44.8,35.7,74.9
1169,32,76.1,27.4,60.2,7.6,20.4,13.7,18.8,9.1,24.3,33.4,14.0,5.7,3.2,11.3,17.3,45.6,37.3,72.6
1103,30,76.0,25.5,57.8,9.1,25.6,16.0,20.7,9.9,28.4,38.3,13.1,5.2,3.0,12.9,17.8,44.0,35.7,77.0
1211,37,87.6,31.8,60.5,7.8,21.4,16.3,21.4,9.9,29.1,39.0,18.1,7.5,5.5,10.6,16.3,52.6,36.3,76.1
1125,33,86.9,31.6,63.5,10.4,27.9,13.4,18.1,8.8,29.8,38.6,19.5,6.7,3.8,11.4,15.4,49.8,37.2,73.7
1314,36,85.8,31.1,66.9,8.7,23.9,15.0,20.2,13.3,30.5,43.8,18.8,7.0,3.3,13.1,17.0,46.4,36.2,74.3
1154,30,85.1,30.0,67.0,12.3,35.9,12.8,17.4,10.7,26.1,36.8,15.4,6.7,3.7,12.9,17.6,44.7,34.4,73.6
,,,,,,,,,,,,,,,,,,,
1138,36,84.4,30.1,65.2,9.6,28.4,14.6,21.3,12.7,28.2,40.9,16.6,7.3,3.9,11.9,18.3,46.2,33.6,68.7
1220,35,83.4,28.5,58.7,8.8,22.9,17.6,21.9,8.7,24.6,33.4,14.1,6.5,3.5,9.8,15.0,48.6,38.5,80.2
1457,30,83.3,28.5,62.6,12.4,33.2,13.9,18.8,11.0,30.0,41.0,15.3,4.5,2.8,15.2,17.8,45.5,37.3,73.8
1252,37,83.1,28.9,60.3,8.8,23.7,16.4,21.6,9.0,28.2,37.2,17.7,7.2,2.9,13.2,17.1,48.0,37.3,75.8
1141,35,82.7,28.3,62.2,8.7,23.5,17.4,25.9,12.1,25.7,37.7,13.3,7.6,3.1,12.1,16.9,45.5,37.1,67.1
1181,38,82.7,30.4,63.6,7.3,23.8,14.5,21.1,13.1,28.2,41.2,15.9,9.1,6.8,12.8,15.7,47.8,30.8,68.6
1236,33,82.7,30.0,62.4,10.9,28.8,11.7,16.9,8.5,26.1,34.6,15.9,7.5,4.8,12.0,15.0,48.1,37.9,69.3
1184,31,82.6,29.1,68.5,8.8,26.8,15.7,22.0,11.9,25.7,37.6,14.8,10.2,3.3,14.4,21.3,42.4,32.7,71.2
1293,33,82.6,29.9,60.8,7.8,22.2,14.9,20.4,10.8,27.1,37.9,17.9,7.5,4.5,12.1,16.0,49.2,35.3,73.1
1204,33,82.6,30.7,61.5,6.2,19.2,15.1,21.8,9.7,26.5,36.2,12.2,7.7,4.0,13.7,17.9,49.9,32.3,69.2
1397,36,82.5,30.1,60.6,7.1,19.4,15.3,20.3,10.6,27.2,37.7,18.1,6.1,5.4,11.0,17.7,49.7,36.3,75.4
1198,34,82.3,29.0,65.9,8.2,27.1,16.1,25.1,10.9,24.9,35.8,14.4,10.6,4.6,14.0,19.3,44.0,30.2,64.0
1459,35,82.3,29.8,60.9,11.0,26.5,11.6,16.5,10.4,24.6,35.0,15.1,6.7,3.0,10.8,16.8,49.0,41.4,70.4
1122,33,82.2,29.5,62.4,8.1,21.3,15.1,21.4,12.1,24.9,37.1,13.8,7.6,3.3,11.9,18.1,47.2,38.2,70.6
1223,30,82.2,28.8,63.2,6.7,19.6,17.8,26.4,13.8,24.3,38.1,15.0,7.8,1.8,14.7,19.8,45.6,34.0,67.5
1411,38,81.6,28.5,62.6,7.3,22.4,17.4,26.0,12.5,27.1,39.6,15.6,8.1,3.0,15.5,17.9,45.5,32.4,66.8
1418,32,81.6,28.2,63.2,8.8,25.6,16.5,22.2,11.4,24.3,35.7,15.3,7.0,3.9,13.2,19.1,44.5,34.5,74.2
1214,35,81.3,27.6,63.9,8.3,24.1,17.8,22.6,10.7,28.5,39.1,13.9,6.1,3.5,10.8,18.5,43.2,34.5,78.7
1453,38,81.3,29.1,63.5,8.0,23.1,15.1,21.5,10.2,26.8,37.0,15.2,7.7,4.1,13.2,19.2,45.8,34.5,70.3
1267,37,80.5,28.3,64.0,9.8,28.6,14.1,19.5,8.9,25.2,34.1,14.2,9.0,4.6,12.2,17.9,44.2,34.2,72.2
1261,35,80.4,28.2,61.8,6.7,21.1,17.2,22.9,13.4,25.3,38.7,12.9,8.8,4.2,12.9,18.1,45.7,31.9,75.2
1463,29,80.3,29.7,60.7,7.8,21.5,13.2,18.2,8.9,30.0,38.9,17.0,6.0,4.3,13.2,17.0,48.9,36.1,72.7
1305,34,80.1,27.2,58.8,8.7,25.1,17.0,24.0,9.6,27.9,37.4,14.6,6.2,3.9,10.4,17.2,46.2,34.7,70.8
1301,36,80.1,29.5,64.4,8.1,23.1,13.0,18.4,13.6,25.0,38.5,15.0,7.1,3.8,12.5,19.2,45.8,35.2,70.8
1272,36,80.1,28.1,62.2,7.2,22.4,16.6,23.2,12.2,25.5,37.7,15.4,8.0,4.0,15.0,20.5,45.3,32.2,71.4
1250,31,80.0,27.6,57.3,9.3,21.9,15.5,20.0,7.5,28.2,35.6,15.2,5.5,2.3,13.5,18.4,48.2,42.3,77.4
1357,32,79.9,27.7,60.2,7.6,21.3,17.0,22.6,11.3,27.2,38.5,14.7,5.3,4.2,14.5,17.9,46.0,35.7,75.5
1111,32,79.9,27.5,60.6,9.1,25.4,15.8,22.1,9.7,25.5,35.2,12.7,5.3,2.8,13.1,18.3,45.4,35.9,71.5
1190,34,79.6,29.5,60.8,8.1,22.3,12.5,18.6,13.1,26.6,39.7,15.7,7.4,4.0,14.2,17.7,48.6,36.1,67.0
1120,39,79.6,27.5,60.9,11.3,29.8,13.4,18.9,11.6,22.5,34.1,14.3,9.1,4.7,11.8,18.4,45.1,37.7,70.8
1207,33,79.5,27.1,61.1,8.2,22.9,17.2,23.4,10.7,28.6,39.3,16.4,6.0,4.0,13.4,17.6,44.3,35.5,73.7
1451,33,79.3,27.9,58.6,7.5,20.7,16.0,21.5,6.8,28.8,35.6,11.6,5.4,4.2,11.7,18.5,47.6,36.4,74.6
1419,35,79.2,26.3,58.0,10.1,25.5,16.5,21.1,9.1,24.5,33.6,14.2,5.9,2.2,11.4,15.6,45.4,39.6,78.2
1140,32,79.0,27.4,58.7,7.1,21.4,17.0,23.4,8.3,26.7,34.9,15.1,6.3,3.3,11.1,19.5,46.8,33.0,72.7
1224,34,78.9,27.6,63.6,7.2,19.7,16.6,22.9,11.8,25.1,36.9,13.6,5.8,4.2,12.6,19.2,43.3,36.5,72.6
1303,32,78.8,29.7,62.4,8.8,22.5,10.7,14.8,8.5,24.2,32.7,12.8,5.6,1.9,9.5,15.2,47.5,39.2,72.1
1249,33,78.7,27.3,59.9,6.9,20.1,17.1,24.9,13.6,25.2,38.8,14.6,8.6,2.9,14.3,18.8,45.6,34.3,68.7
1429,35,78.7,27.4,58.3,7.8,22.1,16.0,21.3,10.9,29.1,40.1,17.1,6.1,4.2,12.8,18.5,47.0,35.5,74.8
1297,35,78.5,28.0,58.5,8.7,24.1,13.8,20.7,10.7,26.4,37.1,16.9,6.2,4.0,12.6,19.0,47.8,36.2,66.6
1132,34,78.5,27.8,62.8,8.0,22.4,14.9,22.2,12.1,29.0,41.1,12.6,6.7,2.6,12.1,17.5,44.3,35.7,67.0
1177,36,78.4,28.0,59.5,6.7,19.5,15.6,21.5,11.3,26.1,37.4,14.3,6.3,3.3,13.5,17.5,47.1,34.3,72.7
1234,35,78.3,26.1,57.3,8.1,22.3,17.9,24.3,10.3,25.3,35.6,15.5,6.0,3.2,12.1,16.1,45.6,36.4,73.9
1359,33,78.3,27.9,59.1,7.7,20.8,14.8,20.2,9.8,27.4,37.1,14.0,7.2,3.8,14.0,17.0,47.2,37.0,73.1
1286,32,78.2,26.8,58.8,9.6,25.6,15.0,20.3,9.2,24.6,33.8,15.3,5.3,1.4,12.3,17.7,45.6,37.4,73.7
1417,33,78.2,27.8,61.0,7.8,21.8,14.7,23.3,11.5,29.6,41.1,14.3,5.9,4.1,14.1,17.1,45.7,35.5,63.3
1437,40,86.6,30.5,61.0,11.6,29.0,14.0,18.0,9.6,26.3,35.9,16.4,6.5,4.1,10.6,16.1,50.0,40.1,77.9
1366,32,86.1,29.4,73.4,12.2,40.8,15.1,21.7,13.2,25.0,38.2,15.8,9.4,2.8,14.0,19.0,40.0,30.0,69.6
1340,34,85.2,30.4,68.6,8.8,26.0,15.6,22.1,14.5,23.9,38.4,16.1,9.8,3.5,12.7,21.9,44.3,34.0,70.4
1456,31,85.0,29.4,57.5,10.9,25.1,15.5,19.1,6.7,26.1,32.8,17.7,5.6,4.0,12.3,17.1,51.1,43.4,81.0
1328,32,84.9,29.8,64.4,9.4,26.1,15.9,21.4,10.6,28.2,38.8,15.0,6.5,4.7,13.4,17.2,46.3,35.9,74.6
1138,36,84.6,30.7,64.9,9.8,26.3,13.5,19.3,11.9,26.6,38.6,16.6,6.3,4.1,12.4,21.0,47.3,37.0,69.9
,,,,,,,,,,,,,,,,,,,
1462,35,84.4,28.9,58.7,7.8,21.0,18.8,24.1,9.8,28.5,38.3,16.5,5.9,3.1,12.6,17.2,49.2,37.2,77.9
1181,37,84.4,30.4,61.8,8.4,22.5,15.2,21.4,13.4,27.7,41.1,17.5,7.4,5.0,12.4,15.5,49.2,37.2,71.0
1267,36,83.8,28.9,62.0,10.1,28.1,15.9,20.8,8.1,27.6,35.7,17.1,7.0,5.8,13.2,17.1,46.7,35.8,76.4
1211,37,83.5,30.4,61.1,8.9,24.1,13.9,19.6,11.2,28.7,39.9,15.2,6.3,3.6,11.4,17.1,49.8,36.8,70.8
1166,33,83.5,30.5,62.1,10.4,28.0,12.0,16.1,7.5,29.0,36.5,17.8,5.7,2.7,11.2,15.2,49.2,37.2,74.8
1424,33,83.4,29.6,60.6,5.6,16.8,18.5,26.3,12.0,28.5,40.5,16.2,5.6,4.4,14.3,17.6,48.9,33.4,70.5
1310,33,83.3,28.6,64.4,8.2,23.0,17.8,24.5,12.0,27.0,39.0,12.0,5.2,4.4,11.3,17.5,44.4,35.9,72.8
1418,34,83.2,28.6,61.5,8.7,24.1,17.4,22.8,12.8,26.2,39.0,17.4,7.5,4.3,13.4,19.1,46.4,36.3,76.1
1455,33,82.8,29.0,60.9,9.1,23.8,15.7,21.2,12.3,28.3,40.6,18.5,4.7,3.8,11.7,17.6,47.6,38.1,73.9
1113,32,82.7,27.8,60.0,9.0,24.8,18.2,24.8,9.8,25.3,35.2,14.3,6.5,3.6,10.7,18.9,46.3,36.3,73.3
1305,37,82.6,28.4,60.5,9.6,24.4,16.3,21.9,9.2,26.3,35.6,16.2,6.2,4.1,9.6,17.0,46.9,39.2,74.3
1311,32,82.5,29.4,62.3,8.1,22.8,15.6,21.8,11.0,26.1,37.2,14.8,9.6,3.9,15.3,22.3,47.2,35.7,71.7
1154,32,82.5,27.8,67.1,12.1,35.4,14.8,21.0,11.8,25.3,37.0,16.5,9.4,3.1,14.9,18.3,41.4,34.1,70.6
1236,33,82.3,28.9,62.8,10.3,28.0,14.3,19.8,9.6,25.5,35.0,14.7,8.0,3.3,11.8,16.3,46.0,36.6,72.0
1307,34,82.2,27.6,60.7,10.8,28.8,16.2,20.8,9.3,22.2,31.6,15.9,7.4,2.8,12.4,20.5,45.5,37.5,77.7
1252,33,82.1,28.0,61.8,8.1,24.6,18.0,25.0,10.5,28.2,38.7,15.7,6.5,3.1,14.9,19.9,45.3,32.8,71.8
1395,33,82.1,29.7,59.8,8.3,21.0,14.4,20.4,11.2,25.2,36.4,18.6,6.5,3.6,12.7,16.8,49.6,39.5,70.6
1126,32,81.9,28.2,63.7,7.5,23.7,18.0,25.6,13.3,28.8,42.1,15.7,6.3,3.8,15.8,20.9,44.3,31.8,70.1
1351,32,81.9,29.1,62.6,7.6,21.2,16.0,26.4,13.2,26.0,39.2,14.3,7.5,3.4,13.3,19.9,46.5,35.8,60.8
1120,34,81.9,26.6,61.8,9.5,26.7,19.0,24.6,12.0,25.9,37.9,14.1,7.4,5.3,12.1,19.8,43.1,35.7,77.4
1314,37,81.6,29.9,65.3,8.2,22.9,13.6,18.3,13.8,28.6,42.4,18.2,5.8,4.1,12.0,15.9,45.7,35.9,74.3
1242,39,81.4,29.9,60.7,10.0,25.0,11.6,16.4,9.8,25.8,35.6,16.6,6.5,4.1,11.7,15.3,49.2,40.1,70.8
1195,35,81.3,29.9,60.5,7.3,20.0,14.4,19.4,10.5,27.7,38.2,15.3,7.3,2.8,14.1,18.7,49.4,36.3,74.0
1266,35,81.3,28.3,59.5,11.0,26.4,13.8,17.1,9.0,22.9,31.9,15.7,6.1,3.7,12.3,19.4,47.5,41.7,80.5
1301,33,81.3,29.2,62.2,8.0,21.4,14.8,21.3,12.2,23.5,35.6,16.1,7.4,3.7,12.1,18.5,47.0,37.2,69.6
1417,33,81.2,28.1,61.0,9.4,24.6,15.6,21.7,10.2,28.6,38.8,15.0,5.6,4.0,12.1,17.9,46.0,38.1,72.0
1294,38,81.1,29.1,61.8,8.8,24.5,14.2,20.6,9.4,28.1,37.5,11.9,5.3,3.7,12.3,19.0,47.0,35.9,68.9
1137,35,81.1,27.6,58.6,8.0,23.0,17.9,24.9,9.3,27.3,36.6,14.4,5.5,4.3,12.5,18.7,47.1,34.8,71.9
1377,35,80.9,29.1,61.0,6.9,19.5,15.9,21.1,10.3,27.4,37.7,13.2,6.8,2.0,11.1,16.9,47.6,35.5,75.0
1316,33,80.8,28.5,62.4,10.8,28.6,13.1,17.3,9.5,25.7,35.1,14.8,5.2,3.8,14.5,15.3,45.6,37.8,76.0
1116,35,80.5,28.7,60.5,7.7,19.4,15.4,22.7,10.0,24.5,34.5,14.3,6.2,4.7,10.9,20.0,47.4,39.6,68.1
1146,35,80.5,28.0,61.8,8.2,23.0,16.4,22.3,10.3,26.0,36.3,16.1,6.7,5.1,13.7,19.7,45.3,35.6,73.5
1372,35,80.5,28.6,58.8,6.9,18.6,16.5,23.4,11.5,24.2,35.7,14.2,10.3,3.1,15.5,21.9,48.6,37.2,70.5
1112,35,80.5,28.8,57.2,6.8,18.3,16.1,21.2,10.1,26.4,36.5,15.2,4.9,4.5,12.2,17.2,50.4,36.9,76.0
1345,37,80.4,27.9,56.7,9.5,22.7,15.0,20.2,8.6,26.4,35.0,16.2,5.7,4.9,10.8,15.7,49.3,42.0,74.3
1277,35,80.2,28.3,57.0,8.3,20.7,15.3,20.5,11.6,29.5,41.1,19.1,4.1,7.2,13.1,18.3,49.6,40.0,74.7
1199,35,80.2,28.4,60.7,7.8,22.3,15.5,22.5,11.4,26.4,37.8,14.9,6.9,5.3,13.0,18.6,46.8,35.0,69.1
1452,37,80.1,28.0,64.2,8.7,24.6,15.4,20.1,14.1,23.8,37.8,15.2,8.1,5.2,11.4,21.6,43.6,35.3,76.6
1439,33,79.8,28.2,56.5,8.8,22.6,14.6,20.6,7.5,25.2,32.7,16.4,5.8,2.2,12.0,15.8,49.9,38.8,70.9
1461,33,79.8,26.5,59.4,9.2,26.7,17.7,23.9,7.0,27.8,34.8,15.7,6.5,3.9,13.6,19.8,44.6,34.5,73.8
1234,33,79.7,28.7,59.8,7.6,20.4,14.7,21.2,11.8,26.3,38.1,18.2,5.2,4.1,13.4,16.6,47.9,37.5,69.5
1220,31,79.5,28.0,60.3,8.4,22.4,15.1,22.1,11.0,24.6,35.6,13.3,5.0,2.7,10.8,18.6,46.5,37.5,68.2
1457,31,79.5,27.7,58.2,9.5,25.5,14.5,20.1,9.1,27.2,36.3,14.7,6.8,4.6,13.8,17.4,47.6,37.4,72.2
1154,33,89.8,29.7,71.5,12.0,35.3,18.4,24.3,13.6,23.8,37.4,17.0,9.3,2.6,14.3,22.3,41.5,34.0,75.7
1417,36,89.8,33.6,64.4,9.8,24.2,12.8,17.3,9.5,28.9,38.5,21.4,5.9,5.3,11.2,16.2,52.2,40.6,73.8
1141,32,88.3,28.5,67.3,12.5,34.8,18.8,23.8,11.4,27.5,38.9,11.3,5.7,2.9,11.3,19.1,42.4,35.8,79.1
1236,33,86.9,32.0,64.5,10.7,26.5,12.3,17.0,10.1,27.5,37.6,17.5,7.7,3.9,13.6,17.9,49.6,40.2,72.5
1329,33,85.7,29.0,62.1,8.9,22.2,18.8,23.8,13.8,23.1,36.8,14.7,7.6,3.0,13.1,22.1,46.7,40.2,78.9
1366,29,85.7,28.7,70.0,13.5,40.8,14.7,22.7,12.3,28.0,40.3,17.3,7.8,3.2,14.9,19.7,41.0,33.2,64.8
1267,35,85.6,29.2,63.9,10.2,27.5,17.1,23.3,9.3,27.7,37.0,16.5,6.0,4.0,12.4,18.4,45.6,37.0,73.4
1340,31,85.3,30.9,64.2,7.7,22.5,15.8,24.0,10.4,23.9,34.3,15.8,9.9,2.6,12.1,19.0,48.2,34.1,65.8
1252,33,85.0,28.5,59.9,10.3,28.1,17.8,24.6,10.3,26.5,36.8,18.2,6.6,3.2,15.2,21.3,47.5,36.6,72.3
1246,38,84.9,29.8,63.1,7.0,19.9,18.2,25.8,12.4,27.4,39.8,15.4,6.0,5.3,11.7,18.8,47.3,35.3,70.3
1423,35,84.8,30.6,63.7,9.6,26.2,14.0,20.2,12.1,24.0,36.0,16.1,6.7,3.4,10.4,20.0,48.0,36.6,69.1
1314,40,84.4,30.7,65.8,7.1,20.0,16.1,22.9,15.8,28.0,43.7,18.1,7.1,3.5,11.8,17.8,46.6,35.5,70.1
1303,32,83.9,28.0,61.6,9.3,23.9,18.7,25.0,10.6,25.3,35.9,13.8,8.2,3.3,13.9,19.3,45.4,38.8,74.8
1242,36,83.2,29.8,60.9,8.8,21.9,14.9,21.9,11.9,26.8,38.7,16.2,6.9,4.5,12.7,17.8,48.8,40.4,67.8
1448,33,82.8,28.0,59.2,8.1,21.1,18.8,24.1,10.6,25.7,36.3,15.5,5.5,3.7,11.8,20.2,47.2,38.5,77.8
1211,39,82.6,29.5,58.5,7.3,19.2,16.4,22.8,9.7,31.0,40.7,15.3,6.8,4.7,11.5,16.9,50.4,38.2,71.7
1266,32,82.2,28.7,59.0,10.5,24.5,14.3,18.3,8.8,24.3,33.1,16.4,7.2,3.6,12.4,19.4,48.7,42.9,78.1
1199,35,82.1,29.6,61.3,6.7,19.2,16.2,23.5,11.7,26.1,37.8,14.6,7.4,5.1,11.9,19.5,48.3,34.7,68.9
1418,33,81.9,28.6,61.3,7.0,20.4,17.7,25.4,13.4,24.6,38.0,14.3,7.1,2.8,13.3,18.8,46.7,34.3,69.5
1166,35,81.8,30.8,61.0,8.7,21.9,11.5,16.9,8.3,26.7,34.9,17.1,6.1,2.9,12.4,16.7,50.5,39.6,68.2
1456,31,81.7,28.6,58.3,9.1,23.9,15.4,22.2,8.7,27.5,36.2,17.5,5.4,4.9,12.5,18.3,49.1,38.2,69.2
1349,35,81.5,27.0,58.5,9.3,24.0,18.1,24.5,10.1,28.0,38.1,13.8,6.3,3.7,15.0,19.1,46.2,38.8,74.0
1452,37,81.5,28.6,63.1,7.4,20.5,16.8,24.5,14.4,23.0,37.4,16.4,10.0,4.8,12.3,20.4,45.4,36.2,68.5
1284,34,81.2,27.3,62.6,8.9,23.9,17.6,23.3,11.2,27.4,38.5,12.7,6.9,4.6,12.5,20.5,43.7,37.3,75.7
1420,34,81.1,28.1,60.0,9.7,24.7,15.1,20.3,9.0,26.3,35.3,14.9,6.6,2.4,12.1,18.4,46.9,39.3,74.5
1455,36,81.0,27.6,58.8,8.6,21.4,17.3,23.6,12.0,28.9,40.9,16.3,6.5,3.9,11.3,18.8,46.9,40.3,73.3
1181,37,80.8,27.5,58.0,8.4,22.2,17.4,22.8,10.5,25.7,36.2,13.1,6.1,4.6,11.4,18.2,47.5,37.9,76.2
1235,35,80.8,29.5,62.5,9.8,24.6,12.1,17.3,9.1,25.7,34.8,15.8,7.8,3.5,10.1,15.9,47.2,40.0,70.0
1140,34,80.6,27.6,60.5,6.8,19.6,18.7,25.6,10.7,31.1,41.7,15.7,6.6,4.6,13.8,19.3,45.6,34.4,73.3
1315,32,80.6,28.9,60.0,7.1,18.3,15.6,21.8,9.3,26.5,35.8,15.2,7.8,2.9,13.1,20.9,48.3,39.0,71.3
1234,34,80.5,28.4,62.4,8.8,23.3,15.0,21.8,12.0,26.4,38.4,17.7,7.4,3.8,13.9,17.9,45.4,37.9,68.8
1120,32,80.4,26.9,61.5,9.0,24.7,17.6,26.1,11.5,25.1,36.6,13.2,7.4,5.1,13.6,20.9,43.7,36.6,67.2
1233,35,80.4,28.0,61.6,9.8,24.6,14.7,19.1,9.7,26.1,35.7,15.5,6.8,3.1,12.0,19.1,45.4,39.7,76.8
1453,32,80.2,28.5,64.4,6.2,19.1,16.9,24.6,12.1,28.9,41.0,14.0,7.8,4.2,14.0,19.8,44.3,32.2,68.9
1286,32,80.0,26.8,61.5,10.0,26.7,16.5,22.6,10.5,25.9,36.4,13.2,5.7,2.4,12.3,22.9,43.5,37.5,73.0
1293,33,80.0,27.2,61.8,8.8,24.3,16.7,22.8,12.1,25.6,37.7,13.9,6.0,2.3,12.2,20.0,44.1,36.0,73.5
1305,35,79.8,26.7,59.5,9.1,23.9,17.3,24.5,11.0,27.6,38.6,16.0,5.4,4.3,11.0,16.6,44.8,38.2,70.5
1231,34,79.7,28.2,58.9,8.7,22.8,14.6,20.1,12.1,26.9,39.0,14.4,6.1,4.6,15.2,20.1,47.9,38.0,72.9
1345,35,79.7,28.0,58.4,9.0,22.3,14.7,19.4,9.8,27.9,37.7,18.3,5.2,2.5,13.0,15.8,47.9,40.3,75.7
1190,35,79.5,27.4,56.2,7.6,19.8,17.1,24.3,10.2,26.1,36.3,14.7,8.4,4.6,14.8,19.9,48.8,38.2,70.2
1195,34,79.4,29.6,59.4,6.5,18.7,13.7,19.5,11.1,26.2,37.3,15.5,6.1,3.4,12.4,18.7,49.9,34.7,70.2
1324,34,79.4,27.5,60.5,7.3,21.7,17.1,22.5,10.4,28.6,38.9,17.0,7.8,5.1,13.6,17.4,45.5,33.5,76.1
1116,36,79.3,27.7,60.2,6.5,17.7,17.4,22.9,11.1,24.9,36.0,13.9,7.7,4.8,11.9,20.5,46.0,36.5,76.1
1186,34,79.3,27.9,58.1,8.3,21.8,15.3,19.9,9.1,26.1,35.2,12.4,4.6,4.8,12.2,20.0,47.9,37.9,77.0
1457,33,79.2,27.0,59.3,9.5,25.4,15.8,22.0,9.6,27.5,37.1,12.8,6.5,5.1,13.0,18.3,45.5,37.3,71.7
1439,33,79.1,26.9,54.9,8.8,21.8,16.5,22.5,7.3,25.0,32.3,15.1,4.0,2.8,12.1,16.5,48.9,40.3,73.7
1287,30,79.0,29.3,63.5,7.3,18.9,13.2,18.1,13.2,24.4,37.6,16.1,6.7,3.2,13.5,21.1,46.1,38.6,72.6
1332,39,78.9,28.0,58.2,8.6,22.6,14.4,20.2,10.6,26.1,36.6,15.7,6.5,6.4,11.6,15.8,48.1,38.0,71.2
1451,32,78.8,26.4,54.2,8.9,21.8,17.1,23.2,6.9,25.2,32.1,12.8,4.9,3.5,11.9,17.5,48.7,40.9,73.7
1308,34,78.8,26.9,57.6,7.4,22.0,17.6,24.8,12.8,26.6,39.4,14.9,4.9,3.8,13.7,18.4,46.7,33.7,71.2
1324,35,86.4,28.6,62.5,9.0,22.7,20.1,26.1,11.4,27.9,39.3,15.6,6.1,3.3,11.4,19.1,45.8,39.8,77.0
1154,32,86.0,29.3,70.3,11.3,35.1,16.1,22.0,12.6,23.5,36.1,15.6,8.9,3.3,13.8,24.1,41.7,32.3,72.9
1267,33,86.0,30.8,66.2,10.1,29.8,14.3,20.6,10.3,26.9,37.3,16.8,6.8,3.1,12.8,19.3,46.6,33.7,69.3
1303,32,85.3,29.8,63.2,6.3,18.7,19.4,26.0,10.6,24.8,35.4,14.4,9.3,2.9,12.9,20.5,47.1,33.7,74.5
1316,34,84.3,29.4,60.7,12.1,29.5,13.4,18.4,8.6,25.7,34.4,16.4,5.2,5.1,11.3,16.2,48.4,41.0,72.8
1449,34,83.9,28.4,66.6,7.3,22.1,19.9,27.4,13.9,26.0,39.9,14.4,7.6,6.6,13.8,23.9,42.6,33.1,72.5
1178,31,83.7,29.0,62.3,7.9,21.0,17.9,25.6,12.0,25.7,37.7,13.2,6.9,4.3,13.6,22.8,46.5,37.5,69.8
1453,36,83.7,29.1,65.3,7.1,20.3,18.4,28.0,12.7,25.8,38.5,13.9,9.9,4.6,12.3,20.1,44.6,34.9,65.7
1140,37,83.6,29.6,64.0,8.9,23.3,15.4,22.4,11.9,29.0,40.9,16.5,6.9,4.4,11.7,18.6,46.3,38.2,69.0
1314,40,82.8,30.9,64.0,5.6,17.1,15.4,20.7,14.2,26.4,40.6,17.8,6.7,4.4,10.8,18.0,48.2,32.7,74.7
1231,35,82.6,29.2,58.1,9.9,23.7,14.4,19.7,11.8,25.0,36.8,16.0,6.8,3.9,13.5,18.5,50.2,41.6,73.1
1125,32,82.4,28.6,57.8,10.6,29.1,14.8,20.3,8.5,26.0,34.5,17.0,4.5,2.5,14.1,20.0,49.5,36.3,72.6
1457,32,82.2,27.8,58.4,8.9,24.0,17.7,23.6,9.1,27.2,36.3,11.8,5.4,5.4,12.6,18.9,47.6,37.1,74.9
1235,35,81.8,31.1,61.7,8.4,21.7,11.3,16.1,8.7,26.9,35.5,16.5,6.2,4.1,11.4,15.5,50.3,38.7,70.2
1186,34,81.4,28.3,58.5,10.5,27.2,14.4,21.1,9.4,23.9,33.3,13.2,5.9,3.8,11.2,19.4,48.3,38.5,68.3
1242,38,81.3,28.7,58.1,8.0,19.2,15.8,22.2,10.6,27.4,38.0,15.9,6.7,4.2,12.6,18.9,49.5,41.8,71.3
1181,36,81.1,27.3,59.3,9.1,23.6,17.4,24.1,11.8,24.3,36.1,13.3,6.3,4.3,9.8,16.8,46.0,38.5,72.3
1184,31,80.5,27.9,56.8,8.3,21.1,16.5,22.6,8.8,23.4,32.2,15.9,7.0,3.1,14.7,21.5,49.1,39.5,73.0
1425,34,80.5,28.9,62.9,7.8,20.2,14.9,22.1,11.8,27.5,39.3,14.8,6.3,5.4,12.2,17.4,46.0,38.7,67.6
1462,34,80.5,27.3,60.4,7.5,20.6,18.4,25.2,12.8,28.1,40.9,16.1,7.2,3.0,12.6,19.9,45.2,36.3,73.0
1112,34,80.4,27.8,57.9,6.5,17.1,18.3,25.4,11.6,28.6,40.2,14.3,4.8,4.7,13.0,18.3,48.0,38.1,72.1
1391,34,80.3,28.3,62.5,8.3,22.8,15.4,21.3,9.6,26.0,35.6,15.3,6.3,2.4,12.3,18.1,45.2,36.4,72.1
1372,34,80.2,28.6,59.8,7.9,21.8,15.1,20.6,11.9,23.1,35.0,18.7,9.1,3.6,12.1,20.6,47.8,36.3,73.5
1277,34,80.2,28.9,59.4,9.2,21.1,13.1,18.1,12.2,29.4,41.6,20.7,4.6,5.1,11.9,19.2,48.8,43.6,72.6
1139,33,79.9,27.8,59.7,7.2,18.2,17.2,23.5,11.1,24.8,35.9,14.2,6.9,3.2,10.2,19.6,46.6,39.3,73.1
1328,37,79.7,27.5,60.1,10.3,24.5,14.3,19.8,11.0,27.3,38.3,14.5,6.7,5.1,13.1,17.0,45.8,42.2,72.2
1233,33,79.6,27.8,60.9,9.9,26.8,14.0,19.7,10.5,26.4,36.9,16.7,7.5,4.1,12.8,19.4,45.7,37.0,71.1
1166,35,79.6,28.0,59.5,8.1,23.0,15.6,22.3,9.5,27.6,37.1,15.3,6.0,3.1,11.6,18.9,47.0,35.2,70.0
1418,34,79.6,27.4,61.7,6.5,21.1,18.3,26.2,14.3,27.2,41.5,12.7,6.4,3.6,12.5,18.7,44.4,31.0,69.8
1182,34,79.5,27.9,60.5,9.5,26.0,14.2,20.5,10.2,29.0,39.2,15.6,4.7,3.8,13.9,20.3,46.2,36.5,69.1
1256,33,79.5,27.7,60.5,7.1,21.3,17.0,25.5,10.8,27.2,38.1,14.0,7.5,4.3,12.5,18.1,45.8,33.2,66.5
1284,36,79.5,26.8,61.5,7.8,21.4,18.1,23.6,10.8,28.0,38.8,12.3,8.2,3.6,12.3,21.3,43.5,36.6,76.8
1236,34,79.4,27.4,59.3,10.4,25.4,14.2,19.7,10.1,26.1,36.2,15.1,5.6,3.3,12.3,17.3,46.2,41.0,72.0
1322,28,79.4,27.5,60.3,7.4,20.6,17.0,22.3,10.2,22.6,32.8,15.5,6.2,3.2,14.5,20.0,45.6,35.8,76.6
1161,34,79.4,25.8,60.7,9.6,26.4,18.2,25.3,13.0,27.0,40.0,13.4,3.9,2.3,11.6,19.3,42.5,36.4,71.8
1246,35,79.4,28.6,59.7,6.7,18.3,15.6,22.5,12.9,26.0,38.9,14.3,5.6,5.8,11.1,20.5,47.8,36.4,69.1
1423,33,79.4,28.1,61.8,7.0,20.5,16.2,23.0,12.0,25.5,37.5,13.3,7.5,4.3,11.3,24.0,45.5,34.0,70.3
1454,33,79.3,26.6,58.4,9.3,25.5,16.8,21.8,9.7,26.5,36.2,17.2,4.5,2.6,11.0,17.0,45.6,36.3,77.2
1343,29,79.1,27.6,59.5,9.7,25.4,14.2,20.0,9.9,26.9,36.9,14.9,7.1,3.6,11.4,17.3,46.4,38.3,71.2
1172,33,79.0,27.1,61.3,9.6,27.0,15.2,20.0,9.5,25.5,35.0,15.1,4.7,3.1,10.2,17.2,44.2,35.5,76.1
1412,33,79.0,28.5,59.7,7.6,20.4,14.3,19.8,11.1,27.0,38.1,18.4,6.5,6.1,12.5,17.5,47.8,37.2,72.2
1137,31,79.0,26.8,57.7,7.5,20.6,17.8,25.0,10.2,26.5,36.7,15.8,6.6,3.2,13.6,21.2,46.5,36.5,71.4
1426,35,78.9,27.3,64.3,8.8,26.9,15.5,22.3,14.9,28.9,43.7,16.9,7.5,2.8,13.8,20.9,42.5,32.6,69.6
1211,36,78.9,28.1,57.8,7.8,20.5,14.9,19.7,10.6,29.0,39.6,13.9,5.1,3.1,11.6,17.3,48.6,38.0,75.8
1220,34,78.9,26.9,60.3,8.5,23.9,16.6,24.1,11.8,27.2,39.0,15.0,6.3,3.2,11.9,15.9,44.6,35.6,68.9
1261,33,78.8,27.7,60.3,6.2,18.8,17.2,25.9,11.2,26.1,37.3,15.4,8.0,2.7,11.9,18.5,46.0,32.7,66.5
1332,38,78.7,27.4,58.7,6.8,19.9,17.1,23.9,11.6,24.7,36.4,13.6,7.2,5.8,11.3,17.7,46.7,34.3,71.4
1452,35,78.5,26.9,60.1,6.0,18.4,18.7,27.8,15.9,23.5,39.4,14.6,9.8,2.7,14.2,23.4,44.9,32.5,67.3
1252,33,78.5,26.9,61.1,10.0,27.9,14.6,21.1,10.2,26.3,36.4,16.6,6.3,3.0,13.9,19.0,44.0,35.9,69.5
1325,35,78.5,26.8,56.9,8.5,21.9,16.5,21.7,8.2,27.5,35.8,13.9,4.5,3.7,11.8,18.1,47.0,38.6,75.9
1322,32,84.0,29.6,64.1,8.3,23.1,16.6,22.2,11.6,22.9,34.6,15.9,7.6,4.5,12.3,18.6,46.1,35.7,74.9
1140,35,83.7,27.9,59.7,8.6,21.8,19.4,25.3,12.0,26.5,38.5,17.0,7.3,2.9,11.9,20.6,46.7,39.3,76.6
1186,35,80.6,27.9,58.4,9.8,24.6,14.9,20.5,10.0,23.8,33.8,13.0,6.3,4.8,10.7,17.7,47.8,40.0,72.6
1440,30,80.5,27.6,69.1,11.4,35.9,13.8,20.2,14.5,24.8,39.3,13.6,8.5,5.9,15.0,21.5,40.0,31.7,68.4
1233,35,79.5,27.1,58.6,9.8,24.8,15.4,21.9,9.9,26.1,36.0,16.4,6.5,3.9,12.2,17.3,46.3,39.6,70.1
1181,39,79.3,28.2,56.2,7.3,18.8,15.6,22.4,11.4,25.4,36.8,15.1,7.1,3.8,10.8,15.6,50.2,38.7,69.9
1230,29,79.2,26.7,56.8,7.0,19.0,18.9,25.8,9.2,24.2,33.4,13.2,7.9,4.4,11.3,18.5,46.9,37.1,73.4
1172,32,79.0,28.1,60.1,10.7,27.4,12.2,17.3,10.5,25.3,35.8,17.1,5.3,2.9,9.5,18.8,46.7,39.1,70.5
1293,35,79.0,27.5,57.0,7.5,19.4,16.5,23.7,12.1,24.9,36.9,15.5,7.2,3.2,11.7,18.5,48.2,38.7,69.7
1211,38,78.7,28.5,54.8,6.9,17.4,14.7,21.2,10.3,27.6,37.9,16.3,5.9,3.3,10.4,16.8,52.0,40.0,69.0
1372,34,78.6,26.8,55.0,7.7,20.4,17.3,23.5,12.1,22.4,34.6,17.5,7.6,3.5,14.0,21.6,48.7,37.9,73.6
1220,34,78.5,26.5,59.2,8.9,24.6,16.5,23.6,11.8,24.6,36.5,15.4,7.5,2.6,11.1,19.1,44.8,36.2,70.0
1141,32,78.3,26.5,56.8,10.1,27.0,15.2,20.9,10.2,23.5,33.8,14.0,7.1,2.6,10.2,17.6,46.7,37.3,72.5
1323,38,78.0,27.6,54.2,7.9,20.4,14.8,19.9,8.2,24.2,32.4,15.2,6.7,3.6,9.4,14.2,50.9,39.0,74.2
1235,34,77.8,27.6,58.0,7.7,21.4,14.8,21.2,9.5,26.4,35.9,16.1,6.4,3.9,11.0,15.5,47.6,36.2,69.6
1314,38,77.7,28.9,60.8,4.8,13.5,15.0,21.4,13.8,26.7,40.6,17.4,6.6,4.2,12.7,19.4,47.6,35.8,70.1
1418,36,77.5,27.1,59.0,6.7,18.6,16.6,23.6,12.6,26.9,39.5,14.7,6.6,4.0,14.6,18.5,45.9,35.8,70.6
1231,34,77.4,27.1,58.5,9.4,23.1,13.8,19.1,12.0,24.0,36.0,13.9,5.0,3.2,11.5,17.8,46.4,40.6,71.9
1116,36,77.4,27.2,61.0,6.6,18.9,16.5,22.8,13.1,22.8,35.8,16.1,7.7,4.7,11.9,19.0,44.5,34.9,72.4
1303,29,76.8,26.4,59.4,6.2,18.6,17.7,25.4,11.1,23.7,34.8,12.1,8.2,3.2,13.5,20.3,44.5,33.2,69.6
1225,30,76.7,26.8,57.5,7.9,19.1,15.2,21.4,10.4,25.8,36.2,13.5,4.7,1.9,12.0,21.1,46.6,41.3,70.9
1112,38,76.6,26.6,54.4,5.1,14.1,18.4,25.6,10.8,26.0,36.8,13.9,7.2,3.4,11.0,17.9,48.8,36.0,71.9
1437,36,76.5,25.4,54.2,9.1,23.3,16.6,22.6,10.3,24.0,34.3,15.8,7.7,4.1,10.6,16.5,47.0,38.9,73.1
1316,35,75.7,25.6,54.6,9.1,23.1,15.4,21.3,9.7,25.1,34.8,14.5,6.1,4.2,12.5,16.2,47.0,39.1,72.3
1332,36,75.4,27.6,59.5,7.3,20.2,12.9,17.0,10.3,25.7,36.1,14.1,5.8,4.4,11.7,18.2,46.3,36.2,76.0
1326,35,75.3,27.5,57.0,6.7,18.2,13.5,19.8,11.1,24.4,35.5,15.3,7.6,5.1,11.3,16.1,48.3,37.0,68.0
1405,33,75.2,26.2,55.7,5.9,16.2,17.0,22.9,10.9,25.6,36.5,13.1,5.2,3.3,12.3,17.1,47.0,36.6,74.2
1205,35,74.8,26.0,57.9,8.2,23.5,14.7,21.9,11.1,24.0,35.0,16.1,6.7,2.4,12.3,16.3,44.8,35.0,66.9
1294,30,74.7,26.8,56.4,6.8,17.8,14.3,20.1,11.3,21.2,32.5,12.3,6.5,2.0,10.4,19.8,47.5,38.1,71.4
1138,33,74.6,25.4,58.2,6.0,17.7,17.8,24.8,12.7,25.5,38.2,13.1,7.5,4.0,11.5,18.4,43.5,34.1,71.9
1246,39,74.4,25.8,55.1,5.2,14.9,17.6,24.2,12.6,25.4,38.0,14.2,6.5,6.9,10.5,17.1,46.8,34.9,72.6
1125,33,74.2,26.0,54.6,10.0,26.2,12.3,17.7,9.3,23.8,33.1,15.3,6.3,2.0,13.7,16.6,47.6,38.0,69.2
1324,33,74.2,26.0,56.2,7.8,21.7,14.5,21.1,10.3,23.3,33.6,15.7,5.9,1.7,12.6,17.3,46.2,36.2,68.6
1278,33,74.2,27.0,58.3,7.4,19.3,12.9,19.2,10.7,22.3,32.9,15.7,9.5,3.3,12.1,18.1,46.3,38.1,67.2
1358,35,74.1,24.2,56.3,7.6,23.1,18.1,25.7,13.2,27.0,40.3,14.7,6.5,4.4,13.0,20.3,42.9,32.9,70.6
1150,32,73.8,26.8,57.9,6.3,16.7,13.9,21.4,11.9,24.5,36.4,13.7,6.5,2.5,13.6,17.4,46.3,37.7,65.0
1357,32,73.8,27.3,59.7,5.3,16.5,13.8,21.4,12.5,25.8,38.3,14.7,6.6,3.4,13.7,18.4,45.7,31.9,64.7
1457,32,73.6,25.4,56.5,7.8,21.9,15.0,20.8,10.4,24.8,35.2,12.1,7.0,4.4,12.1,17.9,44.9,35.9,72.4
1248,33,73.5,26.4,54.5,7.9,19.4,12.8,16.6,8.5,22.3,30.8,15.6,5.5,2.5,11.1,15.6,48.5,40.8,76.7
,,,,,,,,,,,,,,,,,,,
1149,31,73.5,25.1,59.5,9.3,27.3,14.0,20.4,13.0,24.8,37.8,12.8,6.9,2.2,11.4,17.4,42.1,34.1,68.7
1261,33,73.4,27.0,59.5,5.7,16.9,13.6,19.9,12.2,27.1,39.2,15.6,7.3,6.2,14.4,15.6,45.5,33.9,68.4
1190,30,73.4,24.1,57.1,9.3,25.5,15.9,22.0,11.0,24.0,35.1,12.7,7.8,2.8,12.7,20.4,42.2,36.6,72.2
1462,37,73.3,25.8,54.4,6.3,18.0,15.3,20.9,9.8,24.8,34.6,16.1,6.0,2.9,12.1,17.8,47.5,35.1,73.0
1456,33,73.2,25.3,52.3,8.9,22.3,13.7,18.7,7.5,24.8,32.3,14.8,6.2,4.2,11.5,15.5,48.3,39.8,73.4
1256,36,73.1,26.3,58.7,6.9,21.0,13.7,19.9,10.4,23.2,33.6,14.0,8.4,5.8,10.8,16.6,44.7,32.8,68.9
1219,33,72.9,26.1,55.0,6.2,16.2,14.5,19.7,9.8,23.1,32.9,14.8,6.2,2.8,11.4,15.6,47.5,38.5,73.5
1218,35,72.9,25.7,58.7,6.5,20.1,14.9,21.8,12.0,23.1,35.2,13.3,9.6,4.0,13.3,20.3,43.8,32.2,68.6
1347,34,72.8,26.2,57.2,6.2,18.6,14.1,20.4,12.1,24.4,36.5,13.2,7.1,4.4,12.0,18.0,45.8,33.4,69.1
1279,34,72.8,24.9,58.9,6.5,19.5,16.4,21.3,12.6,25.1,37.8,13.2,6.6,3.8,11.1,19.6,42.3,33.2,77.3
1440,35,88.3,31.1,69.7,8.9,27.5,17.1,24.1,14.4,27.1,41.5,14.0,7.3,6.2,10.6,18.9,44.6,32.5,71.3
1322,31,86.6,30.9,65.7,5.7,17.0,19.2,25.9,12.7,25.5,38.2,16.5,8.7,5.3,13.5,20.5,47.0,33.4,74.1
1140,35,83.7,28.9,62.5,5.1,14.2,20.9,30.1,13.2,27.7,40.9,15.5,7.2,2.9,11.3,19.7,46.3,35.5,69.2
1233,33,83.6,28.7,58.9,10.2,25.8,16.0,22.4,8.7,24.4,33.2,17.5,6.6,3.7,10.6,17.7,48.7,39.6,71.4
1235,36,83.0,29.5,62.2,8.4,23.3,15.7,22.6,10.4,28.1,38.5,18.4,5.9,2.9,10.6,17.3,47.4,35.8,69.3
1369,32,82.9,30.0,60.1,6.8,19.0,16.1,23.2,11.3,26.0,37.2,16.7,7.1,4.3,13.1,20.0,49.9,35.9,69.2
1230,27,82.1,28.6,58.6,7.5,19.3,17.4,25.5,11.1,28.5,39.6,15.8,6.6,4.3,13.9,17.8,48.8,38.9,68.4
1328,33,81.9,27.5,61.6,8.6,22.8,18.2,24.3,12.1,25.6,37.6,14.6,6.8,3.3,11.4,18.9,44.7,37.9,74.9
1332,34,81.9,27.3,58.1,7.6,19.6,19.6,25.4,10.5,23.6,34.1,14.5,7.7,3.3,11.4,21.3,46.9,38.9,77.2
1234,33,81.5,27.8,60.1,5.8,16.5,20.0,27.2,13.5,26.8,40.4,16.1,7.1,5.0,11.2,18.2,46.3,35.0,73.5
1149,31,81.4,27.7,60.5,9.7,25.5,16.2,22.2,11.8,25.6,37.5,13.7,6.5,2.8,10.8,18.2,45.8,38.3,73.0
1417,37,81.2,29.0,59.4,6.2,16.3,17.0,22.7,9.9,25.4,35.4,17.2,9.2,3.0,10.2,17.6,48.9,38.0,74.9
1257,37,81.0,28.4,60.3,7.8,21.2,16.4,24.9,13.6,24.1,37.7,15.4,10.0,4.7,10.6,19.5,47.1,36.8,66.1
1256,37,81.0,27.9,61.7,7.7,23.5,17.4,25.6,12.9,26.2,39.1,15.7,9.2,5.1,11.5,19.1,45.3,32.9,67.9
1418,34,81.0,28.1,60.4,6.9,18.9,17.8,26.4,13.6,24.3,37.9,13.4,7.2,4.2,13.5,21.1,46.6,36.5,67.4
1329,34,80.2,26.4,57.1,7.0,19.3,20.4,28.4,9.8,25.6,35.4,13.6,7.6,4.7,10.5,20.0,46.3,36.4,71.9
1116,34,80.1,27.3,61.9,7.4,20.5,18.1,24.9,11.9,24.1,35.9,15.3,8.4,5.6,11.5,20.7,44.1,36.2,72.6
1218,31,80.0,27.9,59.0,5.7,17.0,18.4,25.5,12.7,23.2,35.9,14.1,6.1,3.5,11.8,19.4,47.3,33.5,72.2
1303,32,79.9,27.7,61.5,6.8,20.3,17.8,23.3,10.6,23.9,34.4,15.4,8.3,2.7,12.6,18.6,45.0,33.7,76.5
1125,36,79.9,27.3,54.8,9.0,22.9,16.3,22.1,8.8,22.4,31.2,15.9,6.9,2.4,12.9,20.4,49.8,39.2,73.9
1174,35,79.5,26.7,60.2,7.2,20.8,18.8,26.4,11.0,25.1,36.1,10.8,5.9,3.5,9.5,18.9,44.4,34.7,71.1
1405,34,79.2,27.3,58.7,5.7,16.5,18.9,26.1,12.4,23.4,35.8,15.0,6.8,3.0,10.2,17.4,46.5,34.5,72.5
1242,35,79.0,27.3,55.3,5.4,15.9,19.0,26.7,11.9,26.3,38.2,14.9,5.8,5.6,13.2,20.9,49.3,34.0,71.1
1181,34,78.9,26.6,57.6,9.1,23.1,16.6,22.7,12.1,22.4,34.5,14.6,7.0,3.0,9.6,19.2,46.2,39.1,73.1
1346,32,78.8,26.1,61.5,5.4,15.2,21.2,29.6,16.7,28.7,45.4,12.6,3.6,4.6,12.6,19.5,42.4,35.7,71.6
1273,36,78.8,27.3,57.3,8.1,21.0,16.2,22.0,11.3,25.9,37.2,16.3,5.9,4.1,11.7,18.4,47.6,38.4,73.6
1166,35,78.7,27.3,55.1,10.2,24.5,13.9,18.7,8.4,25.7,34.1,17.5,4.0,1.4,9.8,17.7,49.7,41.4,74.3
1184,34,78.7,25.9,53.2,9.3,23.7,17.6,23.5,7.1,18.9,26.0,14.6,8.8,2.0,10.6,20.8,48.7,39.0,75.2
1172,33,78.5,27.2,56.9,8.3,22.0,15.9,22.3,9.8,23.1,32.9,13.7,5.4,1.8,11.5,20.2,47.7,37.6,71.6
1145,34,78.3,26.9,58.5,8.0,20.6,16.6,22.4,11.3,22.1,33.4,12.5,6.9,3.8,11.6,18.0,45.9,38.6,74.0
1347,35,78.0,27.8,58.1,6.3,17.4,16.1,23.4,11.3,23.3,34.7,13.1,7.1,3.7,10.9,18.9,47.8,36.2,68.8
1437,34,78.0,25.6,56.1,8.9,25.1,17.9,24.9,11.1,26.0,37.1,15.4,6.9,4.1,11.9,19.7,45.6,35.6,71.6
1293,34,77.9,26.5,55.8,7.4,19.7,17.4,26.0,11.7,24.6,36.3,13.1,6.0,4.4,12.4,18.4,47.5,37.6,67.2
1421,32,77.7,26.1,57.3,7.0,18.8,18.5,24.8,12.0,25.5,37.6,12.6,6.5,6.0,13.7,19.1,45.6,37.1,74.5
1209,33,77.6,26.4,56.5,7.5,19.8,17.2,22.3,8.4,23.3,31.6,13.4,7.7,4.8,8.1,17.3,46.8,37.8,77.3
1452,33,77.2,26.2,59.8,7.8,20.5,16.8,23.4,11.9,23.7,35.6,13.1,6.2,3.0,9.8,20.7,43.9,38.1,72.1
1236,36,77.1,27.1,55.0,7.9,20.2,15.0,22.6,10.5,23.3,33.8,14.6,6.8,2.5,12.2,16.7,49.3,39.3,66.3
1308,36,77.0,26.0,53.3,5.4,14.5,19.6,28.5,11.9,25.5,37.4,13.2,4.7,6.2,12.7,17.1,48.8,37.1,68.6
1264,33,77.0,25.1,55.7,6.3,17.1,20.5,30.9,12.6,24.8,37.4,13.1,8.3,6.1,14.2,24.2,45.1,36.9,66.3
1464,32,76.9,26.1,56.9,7.8,22.3,16.9,23.0,9.3,24.0,33.3,15.6,6.7,2.7,11.2,18.9,45.9,35.0,73.4
1272,34,76.9,28.2,59.1,5.4,16.2,15.2,23.6,12.6,24.7,37.3,17.4,8.6,4.7,13.2,18.0,47.7,33.0,64.4
1190,35,76.8,25.1,58.4,7.9,21.7,18.7,25.1,10.5,24.5,35.1,12.3,7.7,3.1,11.7,20.0,43.0,36.3,74.8
1169,35,76.8,25.4,55.9,4.2,11.5,21.9,27.6,11.1,24.5,35.6,13.5,6.9,2.7,12.8,20.5,45.4,36.7,79.1
1211,36,76.7,27.0,54.5,7.1,17.9,15.6,22.0,9.5,26.3,35.9,14.6,6.5,3.9,11.6,18.3,49.5,39.7,70.9
1314,34,76.6,28.0,60.5,4.3,12.8,16.2,25.9,14.2,25.5,39.7,15.4,7.3,4.7,11.9,20.3,46.3,33.6,62.6
1287,34,76.6,25.3,56.6,5.5,18.5,20.4,29.2,14.1,24.3,38.5,13.4,8.0,3.0,15.6,23.4,44.8,29.9,69.9
1426,32,76.3,25.5,58.3,8.1,23.4,17.3,24.5,11.7,25.4,37.0,12.2,5.1,3.8,13.5,19.8,43.7,34.6,70.6
1122,30,76.2,26.6,54.4,5.3,15.3,17.8,26.8,9.9,23.4,33.3,14.8,6.9,5.2,15.7,17.2,48.8,34.4,66.5
1129,34,76.2,26.2,57.4,7.8,20.9,16.1,21.5,11.0,23.4,34.4,11.9,6.0,2.1,10.0,19.2,45.6,37.2,74.9
1186,31,76.2,26.2,57.8,8.1,21.8,15.6,22.6,10.6,25.9,36.5,13.5,4.7,4.3,12.0,19.5,45.4,37.1,69.3
1233,34,80.4,28.1,61.9,8.3,22.7,15.8,20.3,11.6,24.5,36.1,15.4,6.5,3.0,12.4,17.1,45.4,36.7,78.1
1322,32,80.0,28.7,62.7,5.9,18.8,16.6,24.2,13.6,25.3,38.9,15.3,9.6,4.7,14.0,19.3,45.8,31.4,68.6
1235,35,79.4,27.5,60.3,9.9,26.4,14.5,19.9,12.1,26.3,38.3,16.0,6.4,2.8,13.1,16.9,45.6,37.4,73.1
1254,34,78.7,26.9,56.1,7.2,19.0,17.7,25.6,11.9,23.5,35.4,15.2,6.8,3.4,14.3,17.6,48.0,38.0,69.0
1231,36,78.6,26.4,54.8,7.1,17.7,18.7,25.1,12.2,26.1,38.3,14.3,7.1,3.6,13.0,16.6,48.2,40.3,74.3
1440,31,78.2,28.1,64.9,9.1,28.0,12.8,19.5,13.5,24.7,38.2,15.0,8.1,4.4,13.2,17.3,43.4,32.5,65.7
1222,33,78.1,27.6,59.5,6.0,16.7,16.8,23.7,12.1,26.6,38.7,15.2,6.7,3.8,13.1,18.1,46.4,36.1,71.0
1178,33,77.8,27.5,60.3,7.1,20.8,15.7,21.5,11.3,21.6,32.9,14.6,8.3,3.4,10.9,17.8,45.6,34.2,72.9
1433,35,77.5,28.3,62.5,7.9,22.3,13.0,18.5,13.7,20.8,34.5,14.7,11.8,3.1,11.6,19.5,45.3,35.5,70.1
1279,35,77.5,27.1,62.1,6.7,20.5,16.5,24.4,13.3,25.6,38.9,12.5,8.2,5.1,11.3,16.9,43.7,32.5,67.8
1301,35,77.4,28.1,56.8,5.3,13.5,15.8,23.2,11.3,25.4,36.7,14.6,6.5,4.2,12.4,15.6,49.6,39.1,68.1
1181,36,77.2,26.7,56.5,7.5,18.8,16.3,22.1,9.4,24.2,33.6,14.3,6.4,3.8,10.6,17.9,47.2,39.9,73.9
1140,36,77.1,27.8,60.8,5.9,17.5,15.7,21.6,12.0,26.8,38.9,16.0,8.1,2.5,12.0,18.8,45.7,33.8,72.8
1211,35,77.0,27.5,55.3,6.5,17.4,15.7,22.2,11.7,25.7,37.4,15.1,7.9,2.7,11.2,15.7,49.7,37.1,70.5
1125,33,76.8,27.5,55.9,8.5,22.1,13.4,18.3,9.3,22.5,31.8,15.6,9.8,2.7,13.3,18.3,49.1,38.3,73.2
1314,35,76.7,28.5,64.6,7.4,19.8,12.3,18.4,13.7,25.2,38.8,17.1,8.5,3.3,12.4,14.9,44.1,37.3,67.1
1168,32,76.6,26.7,56.8,8.3,22.0,14.8,19.6,8.4,21.3,29.7,14.8,7.8,1.6,12.5,18.6,47.0,37.8,75.8
1187,35,76.5,26.3,58.3,7.8,22.4,16.0,22.4,10.7,25.2,35.9,17.2,8.0,4.5,12.7,17.7,45.2,34.9,71.6
1146,30,76.5,28.5,65.6,7.1,20.3,12.3,19.4,13.9,24.8,38.7,14.1,7.9,4.0,14.4,20.9,43.5,35.2,63.2
1281,34,76.1,27.2,59.3,6.3,18.7,15.4,20.8,13.4,27.4,40.8,13.9,6.7,3.5,13.0,16.7,45.9,33.9,74.4
1124,37,76.0,27.1,58.9,6.9,19.7,14.9,21.5,12.0,25.5,37.5,15.9,6.6,4.5,11.9,17.1,46.0,35.3,69.2
1451,37,75.7,26.8,52.9,7.2,17.3,15.0,20.8,9.0,26.9,36.0,14.0,5.3,4.5,12.4,16.8,50.6,41.6,72.1
1169,31,75.3,26.4,60.5,5.3,15.6,17.2,23.5,13.7,23.1,36.9,15.3,8.5,3.1,13.6,19.5,43.6,33.6,73.3
1242,37,75.2,26.6,55.4,5.8,16.1,16.1,21.9,10.8,28.4,39.2,15.5,7.0,6.7,14.0,16.7,48.1,36.4,73.7
1276,39,75.2,28.0,57.9,7.6,19.7,11.5,16.5,10.7,24.4,35.0,14.5,6.1,2.8,9.4,12.7,48.4,38.5,70.1
1388,35,74.6,26.0,55.4,7.8,20.8,14.8,20.4,12.1,24.9,37.0,14.3,6.1,2.8,11.9,17.5,46.9,37.5,72.5
1229,33,74.5,26.4,58.0,7.3,21.1,14.4,19.9,10.4,24.8,35.1,14.8,7.2,4.4,13.1,18.1,45.5,34.7,72.3
1272,36,74.5,27.1,57.5,6.1,16.4,14.1,21.4,12.2,25.3,37.5,16.8,8.9,6.4,14.5,18.1,47.1,37.2,66.0
1257,40,74.5,26.2,57.5,5.8,17.3,16.3,23.0,13.3,23.5,36.8,14.6,10.8,4.2,12.4,18.2,45.6,33.3,70.9
1166,36,74.4,26.2,52.3,8.5,20.6,13.6,17.9,8.3,26.8,35.1,16.9,4.8,2.6,12.3,16.3,50.1,41.4,75.9
1417,35,74.4,27.5,60.9,4.9,14.7,14.6,20.2,11.1,25.4,36.5,16.0,8.1,3.6,11.2,15.0,45.1,33.3,72.4
1365,38,74.4,25.5,57.8,8.0,22.1,15.4,21.1,11.8,22.8,34.6,14.7,7.9,4.6,12.3,19.7,44.2,36.1,72.7
1369,33,74.1,26.7,56.8,7.8,19.5,13.0,18.6,9.3,27.6,37.0,15.8,5.2,4.9,12.8,18.3,46.9,39.8,70.0
1324,33,74.1,24.9,57.2,7.2,20.4,16.9,23.9,11.2,21.4,32.6,13.1,8.2,1.2,12.1,18.8,43.6,35.5,70.8
1136,31,74.0,26.2,54.6,7.0,19.7,14.6,20.2,9.8,24.3,34.0,15.2,5.1,1.1,12.9,16.5,48.0,35.6,72.2
1184,35,73.9,25.4,54.4,8.8,24.7,14.4,18.4,8.8,18.7,27.5,14.9,8.9,2.2,11.8,19.4,46.7,35.5,78.0
1379,37,73.9,26.6,55.6,6.6,17.4,14.0,20.2,12.7,23.0,35.7,14.9,9.6,2.7,14.7,19.1,47.9,38.0,69.4
1310,33,73.8,25.4,60.1,7.3,22.4,15.8,22.8,12.5,22.8,35.3,12.8,7.9,2.7,11.5,19.8,42.2,32.7,69.1
1149,32,73.8,25.6,60.5,9.3,25.8,13.4,18.9,13.3,25.8,39.2,12.3,7.3,2.7,12.3,15.8,42.2,36.0,70.7
1116,32,73.7,26.6,61.3,6.0,20.0,14.4,21.5,12.1,22.9,35.0,14.8,9.2,5.0,11.6,20.3,43.5,30.0,67.2
1145,34,73.5,25.2,56.6,9.2,23.9,13.9,19.4,11.8,22.7,34.5,12.7,5.8,3.3,13.2,17.0,44.6,38.6,71.6
1112,35,73.4,25.1,55.2,7.7,20.7,15.5,20.6,11.2,25.1,36.4,13.6,6.7,3.8,13.1,16.7,45.5,37.1,74.9
,,,,,,,,,,,,,,,,,,,
1172,34,73.2,24.6,53.3,7.5,20.4,16.5,20.7,9.0,24.7,33.7,13.9,5.6,3.0,10.9,17.7,46.2,36.9,79.5
1129,32,73.2,25.8,55.9,7.8,19.9,13.9,18.7,10.1,23.7,33.8,13.2,6.6,1.7,12.0,18.7,46.0,39.1,74.7
1250,31,73.1,25.4,55.0,7.6,19.4,14.7,19.9,8.8,24.0,32.8,14.6,7.1,3.4,10.9,15.4,46.2,39.2,73.7
1218,32,73.0,26.1,57.9,6.1,17.8,14.7,21.3,12.5,26.2,38.6,13.9,5.3,3.4,14.4,16.6,45.1,34.3,68.7
1269,33,73.0,25.4,58.5,7.1,21.2,15.1,20.9,11.6,25.3,36.9,14.6,7.5,5.2,14.4,19.1,43.4,33.6,71.9
1161,35,72.9,25.2,56.0,5.1,15.2,17.5,24.4,14.1,25.9,40.0,12.7,4.6,2.1,11.1,17.1,44.9,33.8,71.5
1148,30,72.9,26.2,61.1,7.1,20.1,13.5,18.4,10.4,24.2,34.6,12.6,7.5,4.3,12.6,16.1,42.8,35.2,73.2
1233,33,82.9,30.9,61.6,7.7,19.9,13.3,18.7,10.7,24.1,34.8,19.3,7.3,2.2,12.5,16.9,50.2,38.7,71.3
1254,34,81.4,27.1,57.1,6.6,17.8,20.7,28.4,11.6,26.4,38.1,14.7,6.1,3.3,16.1,15.6,47.4,37.1,73.0
1314,37,81.3,29.9,64.9,5.1,15.1,16.4,24.3,15.4,29.8,45.2,17.5,6.8,5.9,12.1,14.5,46.0,33.8,67.7
1125,35,80.9,27.9,57.9,8.8,23.3,16.3,22.2,11.5,24.5,36.0,17.3,7.3,2.2,12.3,17.9,48.1,37.8,73.5
1421,34,80.7,27.1,56.1,6.6,18.5,20.1,26.3,11.1,23.6,34.6,16.6,8.3,2.6,13.4,18.0,48.2,35.5,76.4
1281,35,80.4,28.0,55.6,8.4,21.1,16.0,20.9,9.1,22.9,32.0,16.2,8.1,2.8,10.2,14.3,50.4,39.8,76.6
1324,36,79.9,26.3,58.4,9.3,24.9,17.9,24.4,11.0,22.8,33.8,13.2,6.4,2.1,11.9,18.2,45.0,37.4,73.7
1440,33,79.7,27.0,60.8,8.6,26.9,17.1,23.8,10.2,22.5,32.7,13.3,8.3,3.8,13.3,18.7,44.5,31.9,71.9
1166,35,79.2,27.9,55.3,8.2,19.3,15.3,21.1,9.4,26.5,36.0,17.6,4.8,2.3,12.0,16.9,50.4,42.4,72.6
1333,36,78.9,27.6,58.1,6.1,17.1,17.5,25.9,11.7,23.1,34.8,15.8,9.1,4.6,14.1,18.7,47.5,35.9,67.7
1308,36,78.1,26.9,56.8,4.6,14.0,19.6,29.4,14.4,25.4,39.8,13.8,6.8,4.3,14.8,17.5,47.4,32.7,66.8
1168,31,78.0,26.9,56.9,8.6,21.3,15.6,22.5,12.4,25.1,37.5,15.0,5.6,2.7,15.4,19.5,47.2,40.4,69.4
1140,35,77.9,27.9,60.0,6.7,19.4,15.4,22.0,10.9,27.6,38.5,17.1,8.5,4.4,13.5,18.2,46.5,34.3,70.0
1172,33,77.9,26.6,59.7,7.7,23.0,16.9,22.2,12.6,26.3,38.8,13.8,5.6,3.5,11.8,20.4,44.6,33.6,76.2
1246,39,77.7,27.5,56.0,5.6,14.5,17.1,23.6,12.1,26.8,38.9,13.3,6.1,8.6,11.4,14.6,49.1,38.6,72.5
1181,34,77.3,25.7,56.3,8.1,21.7,17.8,25.4,11.9,24.8,36.7,12.4,6.2,4.0,12.2,18.4,45.6,37.1,70.1
1451,32,77.3,25.8,56.2,8.9,22.8,16.8,20.7,8.7,25.4,34.1,13.3,5.6,2.4,10.6,18.1,45.9,39.1,81.4
1231,36,77.3,26.4,53.6,6.4,14.8,18.2,23.8,10.6,23.8,34.4,13.5,6.5,3.2,12.9,17.6,49.2,43.1,76.3
1455,33,77.1,27.6,57.3,7.0,18.8,14.9,19.9,10.9,27.1,38.0,14.7,6.3,3.9,12.2,16.8,48.2,37.1,74.8
1269,37,76.9,27.5,63.3,7.8,22.3,14.2,21.2,13.5,26.0,39.5,15.3,8.8,4.8,14.8,20.5,43.4,34.9,67.3
1426,33,76.9,25.5,57.1,6.9,19.6,18.9,26.9,13.3,26.0,39.3,13.4,7.9,3.7,16.1,19.2,44.7,35.4,70.3
1149,31,76.9,26.9,60.2,8.4,22.0,14.6,21.2,12.7,22.9,35.6,12.8,8.1,2.6,13.4,18.1,44.7,38.0,69.0
,,,,,,,,,,,,,,,,,,,
1370,27,76.5,28.9,66.4,7.1,21.4,11.7,16.8,13.7,27.7,41.5,13.8,8.4,3.2,15.3,21.0,43.5,33.0,69.6
1402,30,76.4,26.5,61.4,8.2,22.6,15.2,21.3,12.0,24.1,36.1,14.0,8.2,3.2,14.8,20.9,43.2,36.1,71.2
1424,35,76.3,26.9,58.9,8.3,22.8,14.2,21.0,11.7,26.0,37.7,17.6,8.5,4.8,13.3,17.3,45.7,36.4,67.6
1340,32,76.2,26.4,54.7,5.8,16.6,17.5,23.8,10.4,24.3,34.8,11.6,5.3,2.8,13.5,16.8,48.3,34.8,73.7
1196,37,75.9,26.4,56.9,9.6,25.4,13.5,18.9,11.2,24.5,35.7,14.9,6.3,3.4,11.1,15.5,46.3,38.0,71.3
1250,35,75.7,25.8,58.0,7.3,20.7,16.9,21.9,11.0,24.8,35.9,13.0,7.7,3.0,11.2,17.9,44.4,35.0,76.8
1449,35,75.6,27.6,61.6,6.2,18.1,14.2,22.8,14.6,25.5,40.1,13.6,6.7,4.0,13.1,19.7,44.8,34.3,62.4
1362,34,75.4,26.6,57.1,7.0,20.0,15.1,21.9,10.4,22.8,33.2,13.8,8.4,1.9,13.0,17.8,46.7,35.1,68.9
1266,35,75.4,26.3,58.1,5.7,17.0,17.1,23.7,11.8,24.5,36.3,16.6,8.7,3.5,13.2,17.7,45.2,33.7,72.1
1396,32,75.0,26.9,57.4,7.1,17.9,14.1,19.6,10.4,24.4,34.8,15.4,7.2,4.2,12.5,17.7,46.9,39.7,71.9
1326,38,75.0,27.2,56.7,5.1,15.2,15.5,21.9,11.8,25.0,36.8,14.8,7.3,3.2,11.8,16.1,47.9,33.7,71.0
1388,33,74.8,26.0,54.9,7.4,21.6,15.4,21.1,11.5,25.2,36.7,15.8,6.9,3.1,11.6,16.0,47.3,34.4,72.9
1124,38,74.7,26.4,56.5,6.8,17.8,15.1,20.0,12.4,24.1,36.4,15.0,7.5,4.7,13.7,17.7,46.7,38.3,75.4
1272,35,74.7,26.7,54.3,5.3,14.6,16.1,22.4,9.5,24.8,34.3,14.5,7.9,5.6,12.7,19.0,49.1,36.2,71.7
1332,34,74.3,26.0,55.4,7.2,19.4,15.1,21.4,10.6,23.6,34.1,14.3,6.0,3.6,12.9,17.1,46.9,37.4,70.9
1177,31,74.1,27.6,63.1,7.2,21.6,11.6,16.7,12.1,21.0,33.1,15.3,7.9,4.1,13.4,20.5,43.8,33.5,69.6
1393,37,74.1,27.2,58.3,6.3,18.1,13.4,19.2,12.4,22.3,34.7,15.3,9.1,6.9,10.5,15.5,46.7,34.9,69.8
1144,32,74.1,26.4,54.6,5.3,14.1,15.9,23.8,10.3,25.0,35.3,15.5,6.1,5.2,14.2,20.2,48.4,37.4,66.9
1253,34,73.8,25.9,55.3,6.5,18.2,15.6,23.3,11.5,24.1,35.6,14.0,7.1,2.7,12.9,15.5,46.8,35.8,66.9
1211,33,73.8,24.9,52.7,6.5,17.2,17.4,24.3,10.9,26.0,36.8,13.8,6.8,3.2,13.1,15.6,47.3,37.9,71.6
1164,30,73.8,25.2,58.3,9.6,26.4,13.7,19.9,10.9,23.8,34.7,14.8,5.8,1.8,12.9,16.7,43.2,36.5,69.1
1218,32,73.6,26.1,56.6,5.1,15.7,16.4,24.6,11.8,24.9,36.8,14.8,5.7,3.3,15.2,19.3,46.1,32.3,66.7
1223,30,73.6,26.2,62.0,5.1,16.0,16.0,23.5,13.5,22.8,36.3,12.5,7.5,1.7,15.7,21.8,42.3,31.9,68.3
1249,35,73.5,25.8,59.6,4.4,13.0,17.6,24.4,14.2,25.4,39.6,12.8,8.1,4.4,11.9,17.2,43.2,33.7,72.0
1242,39,73.5,26.2,55.6,5.7,16.5,15.3,22.1,11.5,26.2,37.7,15.1,7.3,5.7,13.0,17.4,47.2,34.5,69.2
1191,32,73.5,25.0,54.3,5.5,14.2,17.9,23.4,8.7,20.3,29.0,15.9,7.6,1.7,12.6,21.3,46.1,39.1,76.4
1255,31,73.4,26.6,61.5,8.5,24.5,11.6,17.1,9.4,24.8,34.2,15.5,5.3,2.2,13.2,16.0,43.4,34.9,67.6
1440,31,87.9,30.2,67.2,11.3,31.5,16.3,23.0,12.3,25.3,37.5,14.9,8.7,4.5,13.3,19.6,44.9,35.9,70.9
1324,35,85.5,30.1,61.1,8.2,21.9,17.2,23.9,12.9,26.1,39.0,16.2,6.2,5.6,13.5,18.4,49.2,37.4,72.0
1449,35,83.1,30.3,64.6,8.7,23.5,13.7,20.3,13.9,25.1,39.1,16.9,6.7,5.1,12.2,20.2,46.9,37.1,67.4
1254,33,82.7,28.1,60.9,6.9,19.2,19.5,30.3,14.5,27.2,41.8,15.2,7.5,3.4,15.3,17.6,46.2,36.1,64.6
1249,30,82.1,28.2,65.4,7.8,21.7,17.9,26.1,15.5,25.6,41.2,14.6,8.2,3.7,15.3,23.0,43.1,36.0,68.7
,,,,,,,,,,,,,,,,,,,
1140,37,81.4,27.5,61.3,8.4,23.4,17.9,23.4,11.4,27.2,38.5,14.5,8.1,4.1,10.9,17.5,44.9,36.1,76.5
1242,38,81.2,29.3,57.7,7.1,18.7,15.4,22.7,11.8,27.0,38.8,17.7,7.8,4.0,13.3,17.5,50.8,38.2,67.9
1181,37,80.9,28.1,59.6,7.9,21.0,16.8,22.3,12.1,25.8,37.8,14.3,7.3,4.4,12.1,17.7,47.1,37.4,75.3
1281,34,80.8,28.9,63.1,7.2,19.7,15.8,21.4,12.5,22.7,35.2,16.4,9.7,5.0,12.7,20.2,45.8,36.6,73.9
1377,33,79.8,28.5,62.5,7.6,21.9,15.2,22.8,11.3,27.1,38.4,14.8,6.7,2.8,12.6,17.5,45.5,34.9,66.8
1125,35,79.7,27.0,58.4,9.3,24.7,16.4,22.3,12.9,23.1,35.9,16.3,9.7,3.4,13.7,20.8,46.2,37.8,73.7
1160,38,79.6,27.8,58.9,6.1,16.3,17.9,23.0,11.8,24.2,36.0,13.8,6.8,2.9,11.7,18.3,47.3,37.2,77.8
1233,37,79.0,28.3,59.5,8.1,21.5,14.3,21.7,11.8,24.5,36.2,17.4,7.5,3.3,12.6,17.9,47.6,37.5,65.7
1388,34,78.9,27.8,57.4,8.6,21.9,14.7,19.4,10.6,24.1,34.7,16.5,7.1,3.3,11.2,17.6,48.5,39.0,75.9
1402,32,78.3,27.1,60.3,5.8,18.1,18.4,27.4,12.5,24.8,37.3,13.8,7.7,3.3,15.3,21.8,44.9,32.0,67.2
1182,32,77.9,27.3,59.5,8.0,22.3,15.4,24.8,12.7,22.6,35.3,17.8,9.9,5.3,13.4,19.3,45.8,36.0,62.2
1314,37,77.5,28.2,62.6,5.1,15.7,15.9,23.7,14.2,28.5,42.6,15.5,6.3,5.5,13.3,16.1,45.0,32.8,67.2
1326,37,77.1,27.5,55.6,7.7,18.2,14.5,20.6,11.3,23.2,34.5,15.9,7.1,3.2,10.1,14.0,49.4,42.3,70.1
1322,32,76.9,26.0,58.7,6.6,19.1,18.3,28.8,13.7,22.6,36.3,13.3,9.2,7.0,16.9,23.0,44.3,34.5,63.7
1268,33,76.8,28.2,60.0,4.6,13.2,15.8,23.3,12.8,26.2,39.0,16.9,6.7,4.5,13.6,16.6,47.1,34.8,67.7
1247,33,76.8,28.0,62.7,6.3,17.3,14.6,20.6,14.0,24.6,38.6,15.0,7.4,4.0,15.5,18.6,44.6,36.4,70.9
1211,35,76.7,26.6,55.6,5.8,15.7,17.6,23.1,11.4,26.2,37.5,15.5,7.3,3.8,13.5,18.5,47.9,37.0,76.2
1112,38,76.4,25.5,54.3,7.8,19.6,17.7,23.7,10.7,24.0,34.7,14.1,5.2,2.6,12.7,18.6,46.9,39.7,74.6
1157,34,76.4,27.4,56.3,4.7,14.2,16.9,24.5,12.1,27.2,39.4,15.3,6.7,4.5,13.0,15.2,48.6,33.3,69.2
1255,31,76.3,27.4,60.2,7.6,21.4,13.9,19.8,10.2,22.9,33.2,16.5,5.9,2.1,13.8,19.3,45.5,35.6,69.9
1158,37,76.2,28.0,58.7,8.3,22.6,11.9,16.1,10.9,23.6,34.5,13.4,5.8,4.1,12.1,15.2,47.7,36.6,74.1
1317,33,76.2,25.2,52.6,5.4,14.4,20.5,27.3,9.8,25.5,35.3,12.3,4.2,2.3,13.3,18.1,47.9,37.7,75.0
1252,30,76.2,26.4,58.3,6.6,19.9,16.7,23.7,12.1,25.3,37.4,15.4,8.2,2.1,15.5,20.4,45.3,33.4,70.6
1435,34,75.9,24.9,54.5,7.7,20.8,18.3,24.6,10.9,26.0,36.9,13.4,5.1,4.8,13.0,16.2,45.8,37.1,74.3
1430,30,75.9,24.8,56.1,6.6,18.2,19.7,26.0,11.4,28.3,39.7,13.9,5.0,3.1,13.8,18.9,44.2,36.1,75.8
1344,32,75.8,26.7,62.9,6.6,21.0,15.8,23.6,14.5,24.0,38.5,12.5,7.8,4.4,12.7,16.8,42.4,31.5,66.9
1414,32,75.3,24.9,59.1,7.5,21.1,18.0,24.5,9.7,26.2,35.9,12.2,6.7,1.8,12.9,21.6,42.2,35.4,73.5
1323,34,75.2,24.8,53.9,8.0,20.8,17.6,24.3,10.9,26.2,37.1,16.6,4.6,3.8,10.7,15.1,46.0,38.6,72.4
1266,37,75.2,26.3,56.6,5.2,14.8,17.4,25.1,12.4,23.6,35.9,15.5,7.2,3.6,12.3,16.8,46.5,34.9,69.6
1400,36,75.0,26.5,58.3,5.6,14.9,16.4,25.1,13.7,26.6,40.3,13.5,5.8,5.1,11.8,17.1,45.5,37.6,65.4
1257,35,74.9,27.1,59.9,8.8,24.4,11.9,17.9,12.4,23.9,36.3,17.4,9.3,5.0,13.1,19.1,45.3,36.2,66.3
1246,38,74.9,26.4,57.4,7.4,18.6,14.7,20.8,11.7,25.7,37.4,12.7,5.6,6.3,10.7,15.8,45.9,39.7,71.0
1235,32,74.8,27.2,62.3,8.6,23.3,11.9,16.5,11.0,25.6,36.6,15.0,6.8,3.7,12.5,16.4,43.7,36.8,72.1
1331,35,74.7,26.4,55.7,5.5,15.1,16.3,22.8,12.0,22.4,34.3,12.7,5.6,2.9,12.9,20.3,47.4,36.6,71.7
1399,33,74.6,27.0,56.3,4.6,13.3,16.1,24.2,11.8,25.0,36.8,14.0,8.5,2.2,16.3,20.1,47.9,34.7,66.3
,,,,,,,,,,,,,,,,,,,
1178,33,74.5,25.7,55.5,5.1,14.5,18.0,26.2,12.1,25.4,37.5,12.3,7.6,5.0,15.7,19.4,46.3,35.2,68.7
1325,35,74.4,25.6,58.9,7.4,21.0,15.8,22.0,12.3,23.8,36.2,15.2,7.9,2.5,13.5,20.7,43.5,35.4,71.8
1236,30,74.3,25.5,55.9,8.0,20.8,15.3,19.8,9.3,22.4,31.8,14.5,5.0,3.0,12.2,21.5,45.7,38.5,77.2
1309,22,74.3,24.3,52.6,5.9,17.6,16.4,22.4,11.2,25.3,36.5,13.1,7.1,2.7,14.6,17.5,46.1,33.5,73.2
1189,31,74.2,24.7,57.6,9.2,25.3,15.7,22.0,10.4,23.9,34.3,14.0,5.5,2.6,12.6,19.3,42.8,36.4,71.4
1270,33,74.1,25.2,57.7,6.8,19.4,16.9,22.7,11.9,23.5,35.3,11.2,6.5,3.1,12.2,19.5,43.6,35.3,74.6
1129,35,74.1,25.0,57.2,6.8,19.7,17.3,23.9,11.1,21.9,33.1,12.8,8.6,2.7,12.1,18.9,43.8,34.4,72.3
1379,32,74.1,25.8,56.9,5.4,14.6,17.2,23.5,13.7,24.7,38.4,11.9,5.6,3.6,11.8,19.2,45.3,36.8,73.0
1440,29,88.6,30.4,73.1,11.6,35.4,16.1,23.7,13.2,23.8,37.1,14.6,10.4,5.0,14.7,20.5,41.7,32.7,68.1
1140,36,83.1,28.5,58.9,8.1,19.4,18.1,22.9,10.2,26.8,37.0,15.8,8.5,3.5,11.6,17.3,48.3,41.7,79.0
1344,31,82.4,29.5,67.9,8.0,24.3,15.5,23.0,17.3,23.2,40.4,14.3,8.0,4.4,12.7,19.8,43.4,33.0,67.1
1437,33,81.8,27.2,59.5,7.6,20.5,19.7,26.1,13.4,25.2,38.5,13.6,7.8,4.0,13.7,22.1,45.8,37.3,75.5
1242,36,81.6,28.7,58.6,7.3,18.0,16.9,24.2,13.0,27.5,40.5,16.9,8.4,6.4,13.1,18.2,48.9,40.4,69.9
1400,34,81.2,29.6,63.5,5.7,16.6,16.4,25.8,14.8,27.1,41.9,14.4,7.9,5.7,13.6,19.7,46.6,34.5,63.3
1393,35,80.9,29.8,57.7,7.0,17.8,14.4,21.3,11.9,26.3,38.2,19.2,9.6,6.3,15.2,14.7,51.6,39.1,67.7
1370,31,80.3,28.4,64.1,5.3,15.9,18.2,28.1,15.0,25.1,40.1,12.1,9.3,1.9,17.7,23.4,44.3,33.3,64.6
1371,32,80.1,29.3,65.8,6.5,19.6,14.9,21.9,14.3,24.5,38.8,15.2,7.4,5.3,10.7,18.8,44.5,33.3,68.2
1267,34,79.9,27.9,58.4,6.5,17.4,17.6,25.7,12.1,26.9,39.0,16.1,6.4,7.9,12.7,18.0,47.8,37.6,68.4
1462,35,79.8,27.5,59.5,7.1,19.0,17.7,24.9,12.7,27.7,40.4,14.1,6.7,3.8,12.9,18.9,46.2,37.7,71.1
1243,37,79.7,26.5,59.0,6.8,19.0,19.8,29.7,15.1,23.7,38.8,14.6,7.4,5.1,14.3,22.3,45.0,36.0,66.8
1268,33,79.7,29.3,62.2,5.9,15.5,15.2,20.9,12.8,25.7,38.5,16.5,7.8,4.7,11.6,16.8,47.1,38.2,72.9
1305,34,79.5,28.9,60.0,6.5,18.0,15.1,20.7,11.0,26.1,37.1,14.1,5.1,4.4,11.9,17.4,48.2,36.2,73.2
1377,32,79.5,27.7,58.3,7.6,20.4,16.5,24.8,9.3,28.5,37.8,16.8,6.9,5.1,14.5,14.0,47.5,37.4,66.4
1246,37,79.4,28.1,58.6,6.1,18.4,17.1,25.6,14.5,27.3,41.8,15.1,7.2,7.2,14.5,16.9,47.9,33.3,66.9
1358,33,79.3,27.5,59.5,8.7,23.5,15.5,22.0,12.4,25.4,37.8,20.4,7.8,2.6,13.4,20.0,46.3,37.0,70.3
1449,36,79.2,27.9,61.4,5.3,15.8,18.1,25.1,13.2,24.7,37.9,14.3,7.3,4.2,12.8,21.2,45.4,33.6,72.0
1252,30,79.1,27.5,59.3,8.1,22.2,15.9,22.6,12.8,24.0,36.8,17.3,6.7,2.5,14.6,17.3,46.5,36.4,70.5
1222,35,78.6,27.4,65.2,8.3,23.3,15.6,21.9,12.6,21.3,33.8,12.4,9.4,2.9,9.0,18.6,42.0,35.6,71.0
1388,34,78.5,27.8,57.4,8.4,20.6,14.6,19.2,10.9,25.7,36.6,16.0,4.9,5.2,11.6,16.4,48.4,40.6,76.1
1279,35,78.4,28.2,62.5,8.2,22.7,13.9,20.9,13.1,26.1,39.3,13.9,7.5,5.2,12.1,18.9,45.1,36.1,66.3
1308,34,78.3,27.0,58.7,8.4,22.8,15.8,22.6,10.5,25.1,35.6,14.2,6.0,3.3,12.9,17.4,46.0,37.1,70.0
1340,32,78.0,27.8,58.2,8.1,21.6,14.4,20.1,11.1,20.7,31.8,13.3,6.3,4.0,13.5,18.5,47.7,37.4,71.7
1181,39,77.3,26.4,59.6,7.6,19.6,16.9,22.3,14.6,24.6,39.2,14.0,6.6,4.1,11.0,18.1,44.3,38.7,75.5
1281,34,77.3,27.2,61.9,7.6,20.6,15.2,21.0,13.0,22.3,35.3,15.4,10.9,4.7,12.7,19.3,44.0,36.8,72.4
1143,35,77.2,27.6,57.9,6.5,17.4,15.5,20.5,11.3,24.2,35.5,14.3,5.7,2.5,12.0,16.9,47.6,37.4,75.7
1402,31,77.2,25.6,61.4,6.9,20.8,19.1,28.6,15.0,24.5,39.5,14.5,9.2,3.1,17.9,24.9,41.7,33.2,66.8
1124,36,77.0,27.6,56.7,7.1,18.4,14.7,20.3,12.3,26.8,39.1,14.1,6.6,6.7,13.6,17.7,48.7,38.5,72.5
1211,34,76.9,26.8,54.6,5.4,15.2,17.9,26.9,10.5,27.3,37.8,13.4,6.7,4.2,13.1,18.1,49.1,35.3,66.4
1435,33,76.9,26.0,55.4,6.2,16.7,18.7,25.9,10.9,25.3,36.3,13.2,5.7,5.2,13.6,19.1,47.0,36.8,72.1
1403,35,76.7,26.3,60.1,5.6,15.1,18.4,25.7,12.1,25.0,37.1,14.3,6.8,4.4,13.7,21.3,43.8,37.1,71.5
1293,36,76.5,27.2,54.5,6.3,16.6,15.9,22.8,12.2,24.4,36.6,15.4,9.6,5.4,14.6,17.2,49.9,37.7,69.5
1324,35,76.5,26.3,58.7,5.9,18.3,18.0,25.0,13.6,24.8,38.4,13.2,6.7,4.8,13.9,18.0,44.8,32.2,71.9
1273,33,76.2,25.3,56.5,8.3,23.8,17.2,24.5,12.2,25.0,37.2,13.5,6.0,2.6,14.8,18.6,44.8,34.9,70.3
1451,31,76.2,25.4,57.0,8.1,22.7,17.3,23.8,11.7,24.3,36.0,12.9,6.5,3.0,12.5,19.5,44.5,35.6,72.9
1348,36,76.0,27.5,61.9,6.5,19.6,14.4,20.7,13.3,21.7,34.9,14.8,8.2,5.1,10.9,16.5,44.5,33.3,69.8
1433,36,76.0,27.2,58.8,7.0,19.2,14.6,20.8,12.8,24.1,37.0,14.9,8.8,4.1,12.3,17.4,46.2,36.6,70.4
1288,37,76.0,25.9,60.5,5.5,16.7,18.6,26.6,15.4,24.9,40.2,12.5,6.6,4.1,13.5,21.1,42.9,33.2,70.0
1257,33,75.9,26.5,59.4,7.9,23.5,14.9,21.2,14.5,22.4,36.9,15.5,7.8,4.1,13.7,20.1,44.7,33.7,70.1
1307,35,75.9,25.3,57.8,7.8,21.1,17.4,26.0,13.1,25.4,38.5,14.2,6.6,3.4,11.1,17.6,43.8,36.9,66.9
1258,34,75.8,26.8,58.7,5.9,15.7,16.4,23.7,12.2,23.3,35.5,13.9,7.5,4.1,13.0,19.3,45.6,37.6,69.0
1120,32,75.7,26.6,59.8,8.5,25.6,14.1,21.5,11.9,23.1,35.0,13.1,7.9,2.8,13.7,19.8,44.4,33.1,65.5
1272,34,75.4,25.1,54.7,8.4,21.5,16.9,24.3,10.5,21.9,32.4,13.8,8.1,5.4,11.5,18.9,45.9,38.8,69.4
1322,29,75.4,25.8,59.3,6.3,18.1,17.6,28.9,13.2,24.4,37.7,12.5,7.9,4.9,16.8,23.4,43.4,34.7,60.9
1323,35,75.3,26.2,55.8,7.5,19.2,15.4,21.3,11.5,24.2,35.7,16.7,5.5,3.0,10.3,15.1,47.0,38.8,72.3
1431,33,75.3,27.0,56.9,6.1,17.8,15.2,22.5,9.8,26.4,36.2,14.8,8.7,3.6,13.2,19.5,47.4,34.3,67.3
1373,34,75.1,27.4,60.2,4.7,14.6,15.7,23.3,13.0,25.5,38.5,14.3,8.7,3.5,12.3,13.9,45.4,32.1,67.3
1250,33,75.1,25.5,56.2,6.7,16.7,17.4,24.2,10.3,26.1,36.4,15.0,6.2,2.6,13.0,17.8,45.4,39.9,71.8
1158,34,75.0,27.9,61.0,9.6,25.9,9.5,12.8,8.9,22.9,31.7,13.1,5.9,4.8,11.2,16.9,45.8,37.1,74.3
1440,32,93.8,31.5,71.2,13.7,38.3,17.1,23.2,12.3,21.1,33.4,18.2,14.2,3.3,14.0,18.7,44.3,35.8,73.6
1314,38,89.8,31.7,66.0,6.9,17.9,19.4,25.9,14.6,27.4,42.0,18.0,8.6,5.2,12.4,16.0,48.0,38.7,75.2
1152,32,84.2,29.9,64.9,7.9,22.8,16.5,24.2,14.4,23.7,38.1,15.8,10.0,3.8,15.2,20.9,46.0,34.7,68.3
1402,30,81.5,28.8,64.0,7.8,21.2,16.0,24.1,14.5,24.5,39.0,15.5,7.8,2.7,16.6,26.0,45.1,36.9,66.4
1281,38,81.5,29.6,62.7,6.9,19.7,15.4,22.9,12.8,23.9,36.7,18.4,10.2,3.7,11.8,19.9,47.2,35.2,67.2
1448,31,81.0,29.2,59.6,4.1,12.7,18.5,25.9,12.6,28.1,40.7,13.1,8.3,5.7,15.9,18.8,49.0,32.0,71.1
1329,35,80.9,27.1,58.8,9.3,24.3,17.3,23.2,9.9,25.1,34.9,12.7,7.6,2.3,12.3,21.3,46.0,38.4,74.8
1393,38,80.2,29.2,59.9,6.7,19.6,15.0,23.3,12.7,26.9,39.6,18.1,7.8,5.1,15.3,15.3,48.7,34.5,64.5
1348,34,79.3,29.2,60.9,6.3,16.1,14.5,20.8,13.0,23.4,36.3,16.0,7.6,3.5,13.4,17.5,48.0,39.2,69.7
1211,34,78.9,28.4,58.3,7.4,18.9,14.7,20.5,10.1,27.4,37.5,15.1,7.2,5.1,11.4,16.2,48.8,39.0,71.7
1182,34,78.9,27.5,58.4,8.7,24.3,15.2,21.9,11.0,22.4,33.4,16.6,7.6,3.4,13.7,17.4,47.1,35.9,69.6
1404,32,78.8,28.1,62.4,7.8,23.3,14.8,20.1,13.5,23.3,36.8,14.6,8.3,2.8,12.8,18.7,45.1,33.4,73.7
1328,36,78.7,27.3,55.5,6.7,19.1,17.4,25.8,12.1,26.9,38.9,14.5,6.9,4.3,13.9,17.1,49.2,35.1,67.5
1449,35,78.6,27.9,61.0,4.2,12.4,18.6,26.5,15.2,25.9,41.1,13.1,7.4,2.7,14.7,19.5,45.7,33.7,70.0
1397,34,78.4,28.1,61.9,6.7,21.4,15.4,22.7,14.3,24.4,38.7,16.3,6.6,3.6,13.3,18.9,45.5,31.5,67.6
1155,32,78.3,28.5,61.6,8.0,21.4,13.3,19.4,14.4,22.7,37.2,14.9,9.3,5.8,14.3,18.0,46.3,37.4,68.8
,,,,,,,,,,,,,,,,,,,
1163,36,78.3,27.7,58.4,4.6,13.4,18.4,27.1,14.2,29.1,43.3,15.8,5.8,7.8,12.7,13.1,47.4,34.1,67.8
1266,35,78.3,26.1,57.8,6.9,20.0,19.1,26.2,12.1,23.5,35.6,15.0,7.9,2.9,11.7,17.7,45.2,34.7,72.8
1376,31,78.2,28.7,64.1,6.9,18.7,13.8,21.6,13.2,22.7,35.9,11.0,9.2,5.0,13.6,18.8,44.9,37.1,63.9
1190,34,78.1,27.8,60.1,5.7,17.4,16.9,23.8,11.6,26.3,37.9,12.6,8.4,3.9,14.0,18.3,46.2,33.1,70.9
1407,32,78.1,28.3,61.3,8.6,22.9,13.1,18.7,11.3,24.5,35.8,14.1,7.5,3.8,12.4,16.3,46.1,37.4,69.8
1344,33,78.1,27.4,61.0,6.9,21.5,16.4,24.1,13.7,23.8,37.5,14.8,7.9,3.6,14.5,16.4,44.9,32.1,67.9
1426,30,78.0,27.7,58.7,6.8,20.0,15.9,21.2,10.9,25.0,35.9,15.2,6.9,2.3,13.7,19.8,47.1,33.8,75.0
1172,35,77.8,27.3,62.7,8.7,24.5,14.4,20.6,13.1,25.7,38.8,14.1,8.1,3.2,12.5,20.4,43.6,35.5,69.9
1403,33,77.7,27.2,60.1,7.2,19.1,16.2,22.2,10.5,25.3,35.9,15.3,5.6,2.8,14.5,21.8,45.2,37.5,73.1
1181,37,77.5,26.2,59.1,7.2,20.7,17.8,24.4,13.2,23.2,36.4,13.3,8.4,3.9,12.3,18.1,44.4,34.9,72.8
1255,31,77.4,27.9,65.0,7.9,23.7,13.7,20.2,12.7,22.1,34.7,16.2,10.0,2.7,14.6,21.9,42.9,33.4,68.1
1338,36,77.4,28.9,60.4,6.3,17.8,13.4,19.8,14.8,25.0,39.8,17.6,6.8,3.9,12.1,16.2,47.9,35.2,67.6
1373,35,77.4,28.8,61.6,5.3,15.9,14.6,22.0,12.5,23.9,36.4,15.3,8.8,4.5,13.2,14.8,46.7,33.0,66.4
1158,36,77.3,28.2,59.7,8.3,21.8,12.6,19.1,11.7,23.9,35.6,13.5,6.8,4.1,12.6,16.1,47.2,38.2,65.9
1317,32,77.3,25.2,57.8,6.6,18.5,20.3,27.7,12.7,24.7,37.3,12.2,5.2,2.8,12.9,21.1,43.6,35.8,73.2
1140,33,77.1,27.5,56.9,7.2,18.9,14.8,20.3,9.2,27.1,36.2,16.3,7.3,3.6,11.4,18.4,48.4,38.1,72.9
1196,36,77.1,28.3,59.3,8.2,22.3,12.3,17.8,11.1,23.2,34.3,16.8,8.2,2.7,12.1,16.0,47.7,36.7,69.3
1437,38,76.8,26.1,57.7,6.5,18.4,18.2,24.2,12.6,25.6,38.1,14.5,7.9,3.4,13.3,19.3,45.1,35.2,75.3
1436,33,76.8,26.8,55.6,5.6,15.3,17.6,25.2,10.8,24.5,35.3,15.7,7.8,5.0,14.6,18.9,48.1,36.9,69.9
1125,33,76.6,26.3,59.4,10.2,28.8,13.8,20.1,11.8,24.1,35.9,16.6,7.9,2.5,14.5,19.3,44.3,35.4,68.4
1252,31,76.5,26.4,55.9,6.7,18.5,16.8,25.1,12.5,26.9,39.4,16.1,7.8,2.3,16.2,18.7,47.2,36.3,67.2
1242,35,76.4,27.0,56.5,6.2,16.7,16.2,22.3,12.0,27.1,39.2,15.9,6.8,4.4,14.5,18.9,47.8,37.1,72.5
1308,32,76.3,27.0,58.1,6.9,17.3,15.3,21.9,11.0,23.6,34.6,14.3,7.2,3.8,13.4,18.5,46.5,40.0,70.1
1310,35,76.1,25.4,61.2,7.4,24.0,17.9,25.2,15.3,23.6,38.9,14.1,9.9,4.7,13.2,18.3,41.5,30.9,71.0
1124,39,76.0,26.3,56.2,8.2,22.5,15.3,21.5,10.5,23.6,34.2,12.4,7.2,3.7,12.8,18.3,46.7,36.5,71.2
1111,31,76.0,25.8,57.0,7.7,20.7,16.7,23.6,13.0,26.3,39.4,13.1,6.0,3.4,17.5,20.2,45.2,37.2,70.8
1358,30,76.0,25.6,57.5,8.1,22.0,16.7,23.8,13.4,24.5,37.9,18.2,8.1,2.5,15.0,21.7,44.5,36.9,70.1
1151,35,75.9,25.1,57.2,8.3,23.5,17.5,26.7,12.5,26.7,39.3,13.6,6.2,2.3,15.7,18.5,43.8,35.2,65.7
1222,33,75.8,26.5,62.5,5.8,18.1,17.0,22.8,12.7,24.3,37.0,12.1,8.1,4.2,9.8,17.5,42.3,32.3,74.6
1323,36,75.8,27.4,63.4,8.9,22.3,12.0,16.9,12.2,26.8,39.0,16.7,5.3,2.6,9.5,15.1,43.3,39.8,70.9
1251,35,75.5,26.0,57.2,9.2,25.5,14.3,20.2,10.6,25.1,35.6,15.2,6.9,1.6,13.1,16.8,45.5,35.9,71.0
1417,35,75.5,27.6,56.4,7.5,18.7,12.7,17.6,11.3,21.6,32.9,15.5,8.3,3.1,12.6,17.1,49.0,39.9,72.4
1347,33,75.5,26.8,58.1,4.9,14.0,17.0,25.0,12.7,28.9,41.6,14.1,6.8,4.7,16.3,18.4,46.1,35.2,67.9
1440,29,91.3,32.6,73.3,11.6,36.0,14.6,21.1,14.9,23.6,38.5,17.9,12.7,2.7,16.0,18.0,44.5,32.2,69.2
1314,39,88.6,32.1,65.7,5.5,14.9,18.9,25.0,15.5,27.9,43.5,16.8,8.2,4.5,14.4,16.9,48.8,37.2,75.7
1402,29,83.6,28.2,67.7,8.1,22.7,19.1,29.3,16.6,25.6,42.2,15.6,9.1,1.8,18.1,27.9,41.6,35.8,65.1
1181,34,83.2,28.4,61.3,9.1,24.0,17.5,25.1,12.5,24.4,36.9,14.6,8.7,3.9,13.6,19.2,46.3,37.7,69.7
1182,30,82.3,28.5,62.1,7.2,22.7,18.1,24.6,13.7,24.6,38.2,18.1,9.4,7.3,16.2,19.9,45.9,31.6,73.7
1397,36,81.8,28.8,62.7,8.7,24.3,15.7,23.8,13.9,23.8,37.7,17.7,9.3,3.3,13.2,20.7,45.8,35.7,65.9
1168,33,81.8,29.5,62.4,8.6,22.5,14.2,20.2,11.8,24.0,35.8,15.3,9.0,1.5,13.5,19.1,47.3,38.5,70.2
1269,36,81.5,27.9,63.4,9.2,25.8,16.4,24.4,12.3,26.2,38.5,15.7,7.5,7.3,13.4,20.1,44.1,35.6,67.2
1249,30,81.5,29.0,61.9,8.4,22.1,15.0,22.4,13.0,22.1,35.1,17.1,8.9,2.6,15.3,19.3,46.9,38.2,66.9
1129,34,81.4,29.2,57.5,8.0,20.3,14.9,22.6,9.9,26.0,35.8,17.8,6.3,2.4,15.7,17.4,50.8,39.3,66.1
1124,32,81.3,28.1,61.8,8.6,22.7,16.5,22.2,12.0,25.4,37.4,12.1,7.4,4.3,12.6,20.8,45.4,37.8,74.3
1348,33,80.5,28.4,60.4,7.4,19.4,16.4,23.7,13.5,24.8,38.3,14.8,7.0,4.0,14.0,18.3,47.0,38.0,69.3
1242,40,80.5,29.4,57.9,6.8,17.1,15.0,21.3,12.1,26.6,38.7,18.0,8.9,5.9,13.2,17.7,50.8,39.7,70.2
1435,34,80.0,27.3,58.7,8.9,22.4,16.5,22.5,10.6,24.6,35.2,17.8,6.1,3.5,14.5,18.2,46.5,39.9,73.5
1272,40,79.9,28.6,61.4,7.6,21.6,15.2,24.8,14.1,26.4,40.5,15.9,8.4,6.1,11.8,17.2,46.6,34.9,61.4
1125,34,79.8,27.6,61.1,10.5,28.8,14.1,20.3,12.5,24.2,36.7,17.3,8.5,1.9,14.6,18.4,45.1,36.5,69.8
1308,35,79.8,29.2,61.5,6.1,17.6,15.2,24.1,15.5,26.3,41.7,15.1,6.8,3.1,16.0,18.9,47.6,34.8,63.2
1279,35,79.5,29.5,64.4,7.8,21.3,12.6,19.3,15.1,25.5,40.6,15.9,6.9,3.4,13.4,18.4,45.9,36.7,65.1
1155,34,79.2,29.4,64.4,8.0,21.4,12.4,19.9,15.8,22.6,38.4,15.7,9.8,5.4,14.9,19.5,45.6,37.2,62.3
1323,33,79.0,27.7,61.1,8.3,20.5,15.3,20.8,13.2,28.3,41.5,18.4,6.2,3.8,13.0,15.0,45.4,40.5,73.8
1393,35,79.0,28.5,59.2,5.4,15.9,16.6,24.9,13.8,26.4,40.2,16.5,8.3,6.0,15.9,16.5,48.1,34.1,66.8
1222,34,78.9,25.8,62.9,11.0,30.6,16.2,21.1,12.6,24.4,36.9,12.6,8.5,3.8,10.9,18.7,41.0,36.1,77.0
1190,32,78.6,27.8,61.0,7.2,20.1,15.9,22.0,12.3,24.9,37.2,13.1,8.9,3.2,16.4,21.0,45.5,35.8,72.1
1243,33,78.0,27.8,62.6,6.4,20.1,16.1,23.5,16.3,24.9,41.3,15.5,7.5,3.4,15.2,20.2,44.3,31.7,68.7
1169,30,78.0,28.4,61.5,7.5,20.5,13.6,19.7,11.6,25.5,37.1,15.2,9.1,3.2,16.0,22.5,46.3,36.8,69.0
1172,36,77.9,28.7,61.1,9.1,25.0,11.4,15.9,11.6,24.6,36.2,17.1,8.1,3.2,11.8,18.1,46.9,36.4,71.7
1404,33,77.6,27.0,61.5,9.4,27.2,14.2,20.5,13.1,24.1,37.2,14.0,7.2,2.4,13.8,17.0,43.9,34.4,69.0
1210,32,77.6,27.6,58.5,6.7,18.0,15.7,22.4,11.6,22.4,34.0,15.0,8.3,3.5,15.3,22.5,47.1,37.2,70.0
1196,36,77.5,28.6,58.6,7.6,20.8,12.8,18.3,11.9,24.2,36.0,17.5,6.2,3.1,12.6,16.2,48.8,36.3,70.1
1163,33,77.5,26.3,57.0,5.1,14.1,19.8,27.4,13.6,28.3,41.9,14.8,5.7,8.6,13.7,15.2,46.2,36.1,72.0
1443,36,77.4,27.6,58.5,7.5,19.1,14.7,21.0,12.6,22.4,35.1,12.7,8.0,3.8,14.3,21.3,47.2,39.3,70.1
1281,32,77.1,28.5,62.8,6.7,20.0,13.4,19.4,11.8,23.0,34.8,16.4,8.1,3.0,12.9,20.4,45.4,33.4,69.0
1205,32,77.0,27.0,61.1,8.4,23.4,14.6,22.1,11.8,26.1,37.9,16.9,7.6,2.8,15.5,22.9,44.2,35.9,66.0
1317,31,76.9,26.7,57.9,6.6,16.5,17.0,23.6,13.0,25.6,38.6,10.8,5.5,3.1,15.0,19.3,46.0,39.8,71.9
1373,34,76.9,27.3,60.5,7.0,18.4,15.2,22.1,11.5,22.3,33.8,14.4,9.4,3.5,11.3,15.4,45.1,38.2,68.9
1438,33,76.8,26.6,61.2,8.3,22.7,15.2,21.6,13.4,25.6,39.1,13.5,5.8,2.4,14.0,19.5,43.5,36.6,70.5
1351,34,76.8,27.7,57.2,7.1,17.9,14.2,22.1,11.7,25.9,37.5,15.4,7.4,4.5,14.6,17.6,48.5,39.8,64.3
1371,32,76.6,26.5,62.7,7.2,21.2,16.5,23.0,13.2,22.8,36.1,13.0,9.5,4.9,12.3,19.7,42.3,33.8,71.6
1369,31,76.6,27.0,59.8,6.6,19.2,15.9,24.0,12.3,25.7,38.0,13.8,8.5,4.0,18.0,21.9,45.2,34.7,66.3
1431,33,76.6,26.0,60.0,6.6,19.9,18.0,27.4,11.9,25.0,37.0,13.4,7.7,2.8,13.3,23.4,43.3,33.0,65.7
,,,,,,,,,,,,,,,,,,,
1332,32,76.6,26.8,55.9,8.7,22.2,14.2,20.5,10.2,23.9,34.2,14.8,4.6,2.5,12.6,18.3,48.0,39.2,69.4
1310,29,76.5,24.6,60.8,7.7,24.4,19.6,26.9,15.1,23.3,38.3,12.6,7.8,3.6,13.5,19.9,40.5,31.4,72.9
1211,33,76.5,27.0,55.7,6.7,17.8,15.8,22.1,11.2,26.2,37.4,14.5,7.7,4.6,14.3,17.7,48.5,37.5,71.2
1324,31,76.4,26.6,60.2,6.1,16.9,17.1,24.5,15.7,21.0,36.7,13.2,7.5,3.9,13.5,18.2,44.2,36.1,69.9
1143,33,76.4,26.8,57.6,6.7,18.6,16.2,20.8,11.3,24.5,35.8,14.9,4.1,2.5,13.5,17.8,46.5,35.9,77.6
1298,30,76.3,25.3,62.3,9.6,27.3,16.1,21.5,12.9,24.2,37.1,14.0,9.1,2.5,16.4,21.7,40.6,35.1,74.9
1407,31,76.3,25.6,62.7,10.8,30.9,14.3,19.8,11.3,22.5,33.8,12.9,8.4,3.4,13.1,16.5,40.8,35.0,72.3
1165,28,76.3,27.1,55.8,8.1,19.9,14.0,18.4,9.2,24.3,33.5,15.3,6.1,3.1,13.6,18.2,48.5,40.9,76.1
1273,30,76.2,27.5,63.7,6.0,18.9,15.1,22.5,14.1,27.0,41.0,12.9,6.5,5.5,15.5,17.7,43.2,31.9,66.9
